Distance,6.0
TXDevice,iPhoneXS
TXPower,12
RXDevice,iPhone8
TXCarry,unknown
RXCarry,unknown
RXPose,unknown
TXPose,unknown
0.000,Bluetooth,-59
0.001,Bluetooth,-58
0.240,Bluetooth,-64
0.241,Bluetooth,-64
0.276,Bluetooth,-65
0.277,Bluetooth,-65
0.311,Bluetooth,-65
0.312,Bluetooth,-65
0.351,Bluetooth,-64
0.352,Bluetooth,-64
0.388,Bluetooth,-66
0.389,Bluetooth,-65
0.455,Bluetooth,-62
0.456,Bluetooth,-63
0.529,Bluetooth,-54
0.530,Bluetooth,-54
0.557,Bluetooth,-53
0.594,Bluetooth,-55
0.595,Bluetooth,-56
0.663,Bluetooth,-53
0.664,Bluetooth,-53
0.700,Bluetooth,-52
0.701,Bluetooth,-52
0.733,Bluetooth,-51
0.734,Bluetooth,-52
0.769,Bluetooth,-56
0.771,Bluetooth,-56
0.805,Bluetooth,-53
0.806,Bluetooth,-54
0.840,Bluetooth,-52
0.841,Bluetooth,-53
0.875,Bluetooth,-56
0.876,Bluetooth,-55
1.101,Bluetooth,-58
1.102,Bluetooth,-51
1.135,Bluetooth,-77
1.136,Bluetooth,-77
1.174,Bluetooth,-59
1.175,Bluetooth,-60
1.204,Bluetooth,-50
1.205,Bluetooth,-50
1.234,Bluetooth,-66
1.236,Bluetooth,-66
1.278,Bluetooth,-64
1.279,Bluetooth,-64
1.384,Bluetooth,-65
1.385,Bluetooth,-64
1.415,Bluetooth,-57
1.416,Bluetooth,-57
1.449,Bluetooth,-51
1.451,Bluetooth,-51
1.478,Bluetooth,-60
1.480,Bluetooth,-61
1.515,Bluetooth,-57
1.516,Bluetooth,-57
1.612,Bluetooth,-61
1.613,Bluetooth,-61
1.677,Bluetooth,-53
1.679,Bluetooth,-52
1.709,Bluetooth,-63
1.710,Bluetooth,-61
1.749,Bluetooth,-55
1.750,Bluetooth,-56
1.780,Bluetooth,-57
1.781,Bluetooth,-55
1.812,Bluetooth,-54
1.813,Bluetooth,-54
1.841,Bluetooth,-60
1.881,Bluetooth,-54
1.883,Bluetooth,-55
1.957,Bluetooth,-55
1.958,Bluetooth,-55
1.994,Bluetooth,-53
1.996,Bluetooth,-53
2.061,Bluetooth,-66
2.062,Bluetooth,-67
2.089,Bluetooth,-54
2.091,Bluetooth,-55
2.129,Bluetooth,-56
2.130,Bluetooth,-56
2.164,Bluetooth,-60
2.165,Bluetooth,-60
2.202,Bluetooth,-55
2.203,Bluetooth,-56
2.240,Bluetooth,-56
2.242,Bluetooth,-57
2.342,Bluetooth,-57
2.343,Bluetooth,-56
2.372,Bluetooth,-57
2.373,Bluetooth,-58
2.408,Bluetooth,-59
2.409,Bluetooth,-59
2.444,Bluetooth,-56
2.445,Bluetooth,-56
2.483,Bluetooth,-57
2.484,Bluetooth,-57
2.517,Bluetooth,-61
2.518,Bluetooth,-62
2.552,Bluetooth,-56
2.553,Bluetooth,-56
2.584,Bluetooth,-55
2.586,Bluetooth,-56
2.625,Bluetooth,-56
2.627,Bluetooth,-55
2.656,Bluetooth,-60
2.658,Bluetooth,-61
2.691,Bluetooth,-56
2.692,Bluetooth,-56
2.732,Bluetooth,-56
2.733,Bluetooth,-57
2.763,Bluetooth,-61
2.765,Bluetooth,-60
2.793,Bluetooth,-55
2.794,Bluetooth,-56
2.874,Bluetooth,-60
2.875,Bluetooth,-60
2.911,Bluetooth,-56
2.912,Bluetooth,-54
2.978,Bluetooth,-57
2.980,Bluetooth,-56
3.015,Bluetooth,-61
3.017,Bluetooth,-61
3.047,Bluetooth,-55
3.195,Bluetooth,-55
3.197,Bluetooth,-55
3.235,Bluetooth,-62
3.236,Bluetooth,-61
3.268,Bluetooth,-55
3.269,Bluetooth,-56
3.302,Bluetooth,-56
3.303,Bluetooth,-55
3.336,Bluetooth,-56
3.337,Bluetooth,-56
3.374,Bluetooth,-63
3.375,Bluetooth,-63
3.403,Bluetooth,-56
3.404,Bluetooth,-55
3.479,Bluetooth,-64
3.481,Bluetooth,-64
3.544,Bluetooth,-56
3.545,Bluetooth,-56
3.575,Bluetooth,-55
3.577,Bluetooth,-56
3.608,Bluetooth,-64
3.609,Bluetooth,-65
3.638,Bluetooth,-56
3.640,Bluetooth,-56
3.676,Bluetooth,-55
3.678,Bluetooth,-56
3.707,Bluetooth,-64
3.741,Bluetooth,-63
3.742,Bluetooth,-64
3.815,Bluetooth,-54
3.816,Bluetooth,-56
3.847,Bluetooth,-64
3.848,Bluetooth,-64
3.957,Bluetooth,-65
3.957,Bluetooth,-65
28.903,Bluetooth,-64
28.904,Bluetooth,-63
28.939,Bluetooth,-64
28.940,Bluetooth,-63
28.972,Bluetooth,-61
28.974,Bluetooth,-61
29.010,Bluetooth,-63
29.011,Bluetooth,-63
29.046,Bluetooth,-63
29.047,Bluetooth,-64
29.077,Bluetooth,-62
29.078,Bluetooth,-63
29.113,Bluetooth,-63
29.114,Bluetooth,-63
29.190,Bluetooth,-64
29.191,Bluetooth,-62
29.290,Bluetooth,-64
29.292,Bluetooth,-64
29.325,Bluetooth,-61
29.326,Bluetooth,-62
29.402,Bluetooth,-63
29.403,Bluetooth,-63
29.441,Bluetooth,-62
29.443,Bluetooth,-63
29.474,Bluetooth,-63
29.510,Bluetooth,-63
29.511,Bluetooth,-64
29.543,Bluetooth,-62
29.544,Bluetooth,-64
29.580,Bluetooth,-62
29.581,Bluetooth,-61
29.611,Bluetooth,-63
29.613,Bluetooth,-64
29.642,Bluetooth,-62
29.643,Bluetooth,-62
29.683,Bluetooth,-63
29.684,Bluetooth,-62
29.747,Bluetooth,-63
29.783,Bluetooth,-62
29.784,Bluetooth,-63
29.814,Bluetooth,-61
29.816,Bluetooth,-62
29.849,Bluetooth,-63
29.850,Bluetooth,-64
29.887,Bluetooth,-63
29.888,Bluetooth,-63
29.921,Bluetooth,-62
29.922,Bluetooth,-62
29.961,Bluetooth,-62
29.963,Bluetooth,-62
30.004,Bluetooth,-61
30.005,Bluetooth,-63
30.028,Bluetooth,-64
30.029,Bluetooth,-65
30.067,Bluetooth,-62
30.068,Bluetooth,-62
30.136,Bluetooth,-63
30.137,Bluetooth,-63
30.173,Bluetooth,-63
30.174,Bluetooth,-63
30.213,Bluetooth,-62
30.215,Bluetooth,-63
30.254,Bluetooth,-62
30.255,Bluetooth,-63
30.281,Bluetooth,-64
30.282,Bluetooth,-65
30.377,Bluetooth,-63
30.406,Bluetooth,-64
30.407,Bluetooth,-65
30.436,Bluetooth,-62
30.437,Bluetooth,-62
30.505,Bluetooth,-64
30.506,Bluetooth,-64
30.536,Bluetooth,-65
30.537,Bluetooth,-64
30.568,Bluetooth,-65
30.569,Bluetooth,-65
30.601,Bluetooth,-62
30.602,Bluetooth,-63
30.633,Bluetooth,-64
30.634,Bluetooth,-64
30.670,Bluetooth,-65
30.671,Bluetooth,-65
30.736,Bluetooth,-63
30.771,Bluetooth,-63
30.772,Bluetooth,-64
30.836,Bluetooth,-64
30.837,Bluetooth,-63
30.873,Bluetooth,-64
30.875,Bluetooth,-64
30.914,Bluetooth,-61
30.916,Bluetooth,-62
30.991,Bluetooth,-64
30.993,Bluetooth,-64
31.028,Bluetooth,-62
31.135,Bluetooth,-63
31.136,Bluetooth,-64
31.170,Bluetooth,-63
31.171,Bluetooth,-62
31.207,Bluetooth,-64
31.208,Bluetooth,-64
31.241,Bluetooth,-64
31.242,Bluetooth,-64
31.271,Bluetooth,-62
31.272,Bluetooth,-63
31.336,Bluetooth,-63
31.338,Bluetooth,-64
31.373,Bluetooth,-64
31.375,Bluetooth,-64
31.407,Bluetooth,-63
31.408,Bluetooth,-61
31.444,Bluetooth,-62
31.445,Bluetooth,-63
31.577,Bluetooth,-63
31.614,Bluetooth,-64
31.615,Bluetooth,-63
31.646,Bluetooth,-62
31.648,Bluetooth,-62
31.685,Bluetooth,-65
31.686,Bluetooth,-64
31.716,Bluetooth,-63
31.718,Bluetooth,-64
31.755,Bluetooth,-62
31.756,Bluetooth,-62
31.795,Bluetooth,-65
31.796,Bluetooth,-64
31.828,Bluetooth,-65
31.829,Bluetooth,-63
31.859,Bluetooth,-66
31.860,Bluetooth,-66
31.893,Bluetooth,-62
31.894,Bluetooth,-62
31.929,Bluetooth,-63
31.930,Bluetooth,-64
31.965,Bluetooth,-65
31.967,Bluetooth,-64
31.996,Bluetooth,-62
31.997,Bluetooth,-62
32.025,Bluetooth,-62
32.026,Bluetooth,-62
32.101,Bluetooth,-64
32.102,Bluetooth,-64
32.141,Bluetooth,-62
32.142,Bluetooth,-62
32.210,Bluetooth,-64
32.211,Bluetooth,-64
32.275,Bluetooth,-64
32.276,Bluetooth,-64
32.307,Bluetooth,-64
32.308,Bluetooth,-65
32.348,Bluetooth,-63
32.349,Bluetooth,-61
32.421,Bluetooth,-63
32.422,Bluetooth,-64
32.458,Bluetooth,-64
32.459,Bluetooth,-64
32.489,Bluetooth,-62
32.490,Bluetooth,-62
32.525,Bluetooth,-63
32.526,Bluetooth,-64
32.563,Bluetooth,-64
32.638,Bluetooth,-62
32.640,Bluetooth,-63
32.667,Bluetooth,-64
32.669,Bluetooth,-63
32.701,Bluetooth,-63
32.702,Bluetooth,-64
32.874,Bluetooth,-63
32.875,Bluetooth,-63
60.474,Bluetooth,-73
60.474,Bluetooth,-72
60.538,Bluetooth,-63
60.540,Bluetooth,-64
60.600,Bluetooth,-73
60.601,Bluetooth,-72
60.637,Bluetooth,-64
60.638,Bluetooth,-64
60.776,Bluetooth,-63
60.777,Bluetooth,-63
60.842,Bluetooth,-79
60.843,Bluetooth,-81
61.030,Bluetooth,-69
61.061,Bluetooth,-67
61.063,Bluetooth,-67
61.101,Bluetooth,-69
61.102,Bluetooth,-69
61.136,Bluetooth,-61
61.137,Bluetooth,-61
61.170,Bluetooth,-65
61.171,Bluetooth,-65
61.209,Bluetooth,-69
61.210,Bluetooth,-69
61.240,Bluetooth,-62
61.241,Bluetooth,-62
61.272,Bluetooth,-65
61.273,Bluetooth,-65
61.303,Bluetooth,-65
61.304,Bluetooth,-64
61.369,Bluetooth,-61
61.370,Bluetooth,-61
61.403,Bluetooth,-65
61.404,Bluetooth,-65
61.437,Bluetooth,-71
61.438,Bluetooth,-71
61.470,Bluetooth,-62
61.471,Bluetooth,-62
61.536,Bluetooth,-70
61.537,Bluetooth,-70
61.602,Bluetooth,-63
61.603,Bluetooth,-65
61.673,Bluetooth,-67
61.674,Bluetooth,-69
61.708,Bluetooth,-60
61.709,Bluetooth,-61
61.740,Bluetooth,-61
61.740,Bluetooth,-61
61.774,Bluetooth,-63
61.775,Bluetooth,-64
61.805,Bluetooth,-70
61.807,Bluetooth,-71
61.842,Bluetooth,-61
61.843,Bluetooth,-62
61.877,Bluetooth,-65
61.878,Bluetooth,-64
61.907,Bluetooth,-75
61.977,Bluetooth,-62
61.978,Bluetooth,-63
62.096,Bluetooth,-62
62.097,Bluetooth,-62
62.136,Bluetooth,-65
62.137,Bluetooth,-65
62.173,Bluetooth,-72
62.174,Bluetooth,-72
62.210,Bluetooth,-63
62.211,Bluetooth,-62
62.244,Bluetooth,-65
62.245,Bluetooth,-64
62.341,Bluetooth,-63
62.342,Bluetooth,-62
62.374,Bluetooth,-63
62.375,Bluetooth,-64
62.410,Bluetooth,-70
62.411,Bluetooth,-70
62.439,Bluetooth,-62
62.441,Bluetooth,-62
62.481,Bluetooth,-65
62.482,Bluetooth,-65
62.520,Bluetooth,-68
62.521,Bluetooth,-70
62.554,Bluetooth,-63
62.555,Bluetooth,-62
62.620,Bluetooth,-65
62.621,Bluetooth,-66
62.695,Bluetooth,-64
62.696,Bluetooth,-64
62.730,Bluetooth,-66
62.731,Bluetooth,-67
62.766,Bluetooth,-72
62.767,Bluetooth,-72
62.805,Bluetooth,-63
62.806,Bluetooth,-63
62.918,Bluetooth,-61
62.919,Bluetooth,-62
62.952,Bluetooth,-64
62.953,Bluetooth,-64
62.992,Bluetooth,-70
62.993,Bluetooth,-70
63.028,Bluetooth,-62
63.029,Bluetooth,-62
63.137,Bluetooth,-67
63.138,Bluetooth,-66
63.175,Bluetooth,-62
63.176,Bluetooth,-64
63.210,Bluetooth,-64
63.211,Bluetooth,-66
63.244,Bluetooth,-69
63.245,Bluetooth,-69
63.280,Bluetooth,-63
63.281,Bluetooth,-62
63.315,Bluetooth,-65
63.317,Bluetooth,-64
63.496,Bluetooth,-67
63.497,Bluetooth,-67
63.527,Bluetooth,-63
63.566,Bluetooth,-66
63.568,Bluetooth,-65
63.672,Bluetooth,-65
63.673,Bluetooth,-65
63.781,Bluetooth,-62
63.782,Bluetooth,-62
63.821,Bluetooth,-66
63.853,Bluetooth,-77
63.854,Bluetooth,-78
63.884,Bluetooth,-62
63.885,Bluetooth,-62
63.915,Bluetooth,-66
63.917,Bluetooth,-64
63.957,Bluetooth,-67
63.958,Bluetooth,-67
64.049,Bluetooth,-65
64.051,Bluetooth,-65
64.090,Bluetooth,-66
64.091,Bluetooth,-66
64.127,Bluetooth,-62
64.166,Bluetooth,-64
64.167,Bluetooth,-65
64.196,Bluetooth,-65
64.197,Bluetooth,-66
64.258,Bluetooth,-62
64.259,Bluetooth,-62
64.336,Bluetooth,-67
64.337,Bluetooth,-66
64.358,Bluetooth,-63
64.359,Bluetooth,-63
64.395,Bluetooth,-64
91.649,Bluetooth,-69
91.650,Bluetooth,-68
91.679,Bluetooth,-62
91.680,Bluetooth,-62
91.719,Bluetooth,-61
91.720,Bluetooth,-62
91.750,Bluetooth,-70
91.751,Bluetooth,-70
91.858,Bluetooth,-61
91.859,Bluetooth,-62
91.897,Bluetooth,-70
91.898,Bluetooth,-71
91.929,Bluetooth,-63
91.930,Bluetooth,-63
91.997,Bluetooth,-73
92.031,Bluetooth,-63
92.032,Bluetooth,-63
92.066,Bluetooth,-61
92.067,Bluetooth,-61
92.164,Bluetooth,-63
92.166,Bluetooth,-63
92.274,Bluetooth,-63
92.275,Bluetooth,-63
92.314,Bluetooth,-61
92.315,Bluetooth,-61
92.350,Bluetooth,-76
92.351,Bluetooth,-77
92.384,Bluetooth,-75
92.386,Bluetooth,-76
92.481,Bluetooth,-74
92.554,Bluetooth,-60
92.556,Bluetooth,-61
92.616,Bluetooth,-72
92.617,Bluetooth,-73
92.651,Bluetooth,-63
92.652,Bluetooth,-63
92.722,Bluetooth,-71
92.723,Bluetooth,-71
92.758,Bluetooth,-63
92.759,Bluetooth,-63
92.826,Bluetooth,-73
92.827,Bluetooth,-74
92.860,Bluetooth,-72
92.861,Bluetooth,-73
92.896,Bluetooth,-62
92.897,Bluetooth,-63
92.927,Bluetooth,-61
92.928,Bluetooth,-61
92.963,Bluetooth,-73
92.964,Bluetooth,-73
92.998,Bluetooth,-63
92.999,Bluetooth,-62
93.029,Bluetooth,-60
93.030,Bluetooth,-61
93.172,Bluetooth,-62
93.173,Bluetooth,-60
93.204,Bluetooth,-72
93.205,Bluetooth,-73
93.234,Bluetooth,-62
93.236,Bluetooth,-63
93.268,Bluetooth,-61
93.269,Bluetooth,-61
93.298,Bluetooth,-60
93.299,Bluetooth,-61
93.335,Bluetooth,-72
93.336,Bluetooth,-72
93.366,Bluetooth,-63
93.367,Bluetooth,-63
93.396,Bluetooth,-61
93.397,Bluetooth,-62
93.433,Bluetooth,-72
93.434,Bluetooth,-72
93.463,Bluetooth,-72
93.464,Bluetooth,-71
93.502,Bluetooth,-63
93.503,Bluetooth,-63
93.536,Bluetooth,-62
93.537,Bluetooth,-61
93.644,Bluetooth,-62
93.645,Bluetooth,-62
93.680,Bluetooth,-72
93.681,Bluetooth,-73
93.721,Bluetooth,-61
93.722,Bluetooth,-63
93.746,Bluetooth,-62
93.747,Bluetooth,-62
93.780,Bluetooth,-62
93.781,Bluetooth,-63
93.884,Bluetooth,-61
93.885,Bluetooth,-63
93.920,Bluetooth,-74
93.921,Bluetooth,-74
93.988,Bluetooth,-62
93.989,Bluetooth,-62
94.024,Bluetooth,-63
94.025,Bluetooth,-62
94.102,Bluetooth,-62
94.103,Bluetooth,-64
94.167,Bluetooth,-75
94.168,Bluetooth,-74
94.207,Bluetooth,-63
94.209,Bluetooth,-63
94.239,Bluetooth,-62
94.240,Bluetooth,-62
94.271,Bluetooth,-74
94.311,Bluetooth,-62
94.312,Bluetooth,-63
94.342,Bluetooth,-63
94.343,Bluetooth,-62
94.375,Bluetooth,-63
94.376,Bluetooth,-62
94.445,Bluetooth,-63
94.446,Bluetooth,-62
94.572,Bluetooth,-62
94.573,Bluetooth,-63
94.640,Bluetooth,-74
94.641,Bluetooth,-74
94.675,Bluetooth,-62
94.676,Bluetooth,-63
94.769,Bluetooth,-72
94.801,Bluetooth,-63
94.802,Bluetooth,-62
94.833,Bluetooth,-63
94.834,Bluetooth,-61
94.900,Bluetooth,-71
94.978,Bluetooth,-61
94.980,Bluetooth,-61
95.008,Bluetooth,-72
95.009,Bluetooth,-71
95.044,Bluetooth,-62
95.045,Bluetooth,-62
95.075,Bluetooth,-61
95.077,Bluetooth,-62
95.140,Bluetooth,-71
95.142,Bluetooth,-71
95.316,Bluetooth,-63
95.317,Bluetooth,-64
95.350,Bluetooth,-71
95.351,Bluetooth,-71
95.421,Bluetooth,-62
95.422,Bluetooth,-63
95.457,Bluetooth,-63
95.458,Bluetooth,-63
95.492,Bluetooth,-71
95.493,Bluetooth,-71
95.531,Bluetooth,-62
95.531,Bluetooth,-63
95.597,Bluetooth,-69
95.633,Bluetooth,-62
95.634,Bluetooth,-62
127.472,Bluetooth,-65
127.474,Bluetooth,-65
127.552,Bluetooth,-62
127.553,Bluetooth,-62
127.588,Bluetooth,-64
127.590,Bluetooth,-64
127.620,Bluetooth,-62
127.621,Bluetooth,-63
127.649,Bluetooth,-67
127.651,Bluetooth,-67
127.688,Bluetooth,-62
127.689,Bluetooth,-62
127.725,Bluetooth,-62
127.726,Bluetooth,-63
127.757,Bluetooth,-68
127.758,Bluetooth,-67
127.795,Bluetooth,-63
127.796,Bluetooth,-63
127.835,Bluetooth,-60
127.836,Bluetooth,-61
127.868,Bluetooth,-68
127.869,Bluetooth,-68
127.906,Bluetooth,-62
127.907,Bluetooth,-62
127.944,Bluetooth,-62
127.945,Bluetooth,-62
128.016,Bluetooth,-67
128.017,Bluetooth,-68
128.056,Bluetooth,-62
128.057,Bluetooth,-62
128.096,Bluetooth,-65
128.098,Bluetooth,-64
128.131,Bluetooth,-67
128.132,Bluetooth,-67
128.171,Bluetooth,-62
128.172,Bluetooth,-62
128.202,Bluetooth,-63
128.203,Bluetooth,-65
128.341,Bluetooth,-65
128.343,Bluetooth,-63
128.378,Bluetooth,-67
128.379,Bluetooth,-65
128.456,Bluetooth,-63
128.457,Bluetooth,-64
128.534,Bluetooth,-62
128.535,Bluetooth,-61
128.568,Bluetooth,-64
128.569,Bluetooth,-63
128.605,Bluetooth,-63
128.607,Bluetooth,-64
128.640,Bluetooth,-62
128.641,Bluetooth,-64
128.677,Bluetooth,-66
128.678,Bluetooth,-66
128.710,Bluetooth,-66
128.711,Bluetooth,-67
128.787,Bluetooth,-64
128.787,Bluetooth,-64
128.822,Bluetooth,-64
128.823,Bluetooth,-63
128.857,Bluetooth,-67
128.897,Bluetooth,-63
128.898,Bluetooth,-63
128.933,Bluetooth,-64
128.961,Bluetooth,-67
128.992,Bluetooth,-62
129.032,Bluetooth,-64
129.063,Bluetooth,-63
129.096,Bluetooth,-66
129.097,Bluetooth,-66
129.172,Bluetooth,-64
129.207,Bluetooth,-66
129.208,Bluetooth,-66
129.241,Bluetooth,-60
129.243,Bluetooth,-61
129.315,Bluetooth,-67
129.316,Bluetooth,-67
129.347,Bluetooth,-61
129.348,Bluetooth,-63
129.378,Bluetooth,-62
129.418,Bluetooth,-63
129.419,Bluetooth,-63
129.452,Bluetooth,-66
129.453,Bluetooth,-67
129.484,Bluetooth,-62
129.524,Bluetooth,-62
129.525,Bluetooth,-63
129.561,Bluetooth,-66
129.562,Bluetooth,-67
129.601,Bluetooth,-62
129.602,Bluetooth,-62
129.635,Bluetooth,-62
129.636,Bluetooth,-63
129.696,Bluetooth,-68
129.697,Bluetooth,-67
129.736,Bluetooth,-62
129.738,Bluetooth,-63
129.777,Bluetooth,-63
129.778,Bluetooth,-64
129.810,Bluetooth,-69
129.953,Bluetooth,-64
129.983,Bluetooth,-64
129.984,Bluetooth,-64
130.013,Bluetooth,-69
130.014,Bluetooth,-69
130.048,Bluetooth,-62
130.049,Bluetooth,-62
130.199,Bluetooth,-67
130.200,Bluetooth,-68
130.228,Bluetooth,-67
130.229,Bluetooth,-69
130.343,Bluetooth,-68
130.344,Bluetooth,-68
130.376,Bluetooth,-72
130.377,Bluetooth,-71
130.487,Bluetooth,-69
130.488,Bluetooth,-68
130.523,Bluetooth,-62
130.524,Bluetooth,-62
130.561,Bluetooth,-68
130.562,Bluetooth,-68
130.590,Bluetooth,-68
130.591,Bluetooth,-68
130.626,Bluetooth,-63
130.627,Bluetooth,-62
130.661,Bluetooth,-62
130.662,Bluetooth,-62
130.733,Bluetooth,-68
130.735,Bluetooth,-68
130.805,Bluetooth,-69
130.807,Bluetooth,-70
130.877,Bluetooth,-61
130.878,Bluetooth,-61
130.918,Bluetooth,-68
130.919,Bluetooth,-68
130.952,Bluetooth,-67
130.954,Bluetooth,-68
130.991,Bluetooth,-60
130.993,Bluetooth,-60
131.033,Bluetooth,-66
131.034,Bluetooth,-66
131.067,Bluetooth,-66
131.068,Bluetooth,-66
131.108,Bluetooth,-60
131.109,Bluetooth,-59
131.175,Bluetooth,-67
131.176,Bluetooth,-66
131.204,Bluetooth,-67
131.205,Bluetooth,-68
131.235,Bluetooth,-61
131.236,Bluetooth,-60
131.302,Bluetooth,-68
131.303,Bluetooth,-69
131.338,Bluetooth,-67
131.339,Bluetooth,-66
131.411,Bluetooth,-67
131.412,Bluetooth,-67
157.980,Bluetooth,-69
157.981,Bluetooth,-71
158.012,Bluetooth,-75
158.014,Bluetooth,-75
158.043,Bluetooth,-69
158.044,Bluetooth,-68
158.082,Bluetooth,-68
158.083,Bluetooth,-69
158.113,Bluetooth,-73
158.114,Bluetooth,-72
158.151,Bluetooth,-68
158.152,Bluetooth,-68
158.192,Bluetooth,-68
158.193,Bluetooth,-69
158.225,Bluetooth,-72
158.227,Bluetooth,-71
158.338,Bluetooth,-68
158.340,Bluetooth,-69
158.404,Bluetooth,-68
158.437,Bluetooth,-68
158.438,Bluetooth,-68
158.466,Bluetooth,-73
158.467,Bluetooth,-73
158.498,Bluetooth,-74
158.534,Bluetooth,-76
158.535,Bluetooth,-76
158.567,Bluetooth,-70
158.568,Bluetooth,-70
158.670,Bluetooth,-69
158.671,Bluetooth,-69
158.734,Bluetooth,-76
158.735,Bluetooth,-77
158.767,Bluetooth,-70
158.768,Bluetooth,-70
158.803,Bluetooth,-71
158.804,Bluetooth,-71
158.835,Bluetooth,-80
158.836,Bluetooth,-81
158.907,Bluetooth,-72
158.908,Bluetooth,-72
158.970,Bluetooth,-79
159.045,Bluetooth,-73
159.047,Bluetooth,-73
159.081,Bluetooth,-77
159.120,Bluetooth,-70
159.121,Bluetooth,-69
159.151,Bluetooth,-72
159.152,Bluetooth,-73
159.187,Bluetooth,-71
159.218,Bluetooth,-70
159.219,Bluetooth,-70
159.253,Bluetooth,-65
159.254,Bluetooth,-66
159.294,Bluetooth,-70
159.295,Bluetooth,-72
159.337,Bluetooth,-66
159.338,Bluetooth,-66
159.373,Bluetooth,-66
159.375,Bluetooth,-66
159.407,Bluetooth,-73
159.408,Bluetooth,-73
159.442,Bluetooth,-67
159.443,Bluetooth,-67
159.482,Bluetooth,-66
159.483,Bluetooth,-66
159.551,Bluetooth,-69
159.552,Bluetooth,-68
159.623,Bluetooth,-68
159.654,Bluetooth,-75
159.656,Bluetooth,-74
159.692,Bluetooth,-71
159.693,Bluetooth,-70
159.726,Bluetooth,-78
159.767,Bluetooth,-74
159.768,Bluetooth,-76
159.798,Bluetooth,-74
159.904,Bluetooth,-76
159.905,Bluetooth,-76
159.969,Bluetooth,-75
159.971,Bluetooth,-75
160.078,Bluetooth,-73
160.080,Bluetooth,-72
160.111,Bluetooth,-77
160.112,Bluetooth,-76
160.150,Bluetooth,-74
160.181,Bluetooth,-72
160.254,Bluetooth,-76
160.255,Bluetooth,-76
160.292,Bluetooth,-72
160.294,Bluetooth,-72
160.327,Bluetooth,-73
160.328,Bluetooth,-73
160.360,Bluetooth,-75
160.361,Bluetooth,-75
160.396,Bluetooth,-71
160.397,Bluetooth,-72
160.469,Bluetooth,-76
160.470,Bluetooth,-77
160.532,Bluetooth,-75
160.533,Bluetooth,-75
160.566,Bluetooth,-70
160.567,Bluetooth,-72
160.601,Bluetooth,-73
160.602,Bluetooth,-73
160.632,Bluetooth,-73
160.633,Bluetooth,-74
160.668,Bluetooth,-72
160.669,Bluetooth,-73
160.741,Bluetooth,-74
160.742,Bluetooth,-75
160.774,Bluetooth,-84
160.775,Bluetooth,-85
160.811,Bluetooth,-70
160.812,Bluetooth,-71
160.848,Bluetooth,-74
160.911,Bluetooth,-72
160.912,Bluetooth,-71
160.942,Bluetooth,-72
160.976,Bluetooth,-74
160.977,Bluetooth,-74
161.046,Bluetooth,-73
161.190,Bluetooth,-73
161.191,Bluetooth,-74
161.292,Bluetooth,-71
161.293,Bluetooth,-71
161.328,Bluetooth,-74
161.329,Bluetooth,-74
161.360,Bluetooth,-78
161.399,Bluetooth,-73
161.400,Bluetooth,-74
161.431,Bluetooth,-72
161.432,Bluetooth,-73
161.497,Bluetooth,-76
161.608,Bluetooth,-77
161.640,Bluetooth,-71
161.641,Bluetooth,-72
161.675,Bluetooth,-73
161.676,Bluetooth,-72
161.709,Bluetooth,-75
161.710,Bluetooth,-74
161.752,Bluetooth,-70
161.753,Bluetooth,-71
161.826,Bluetooth,-72
161.828,Bluetooth,-73
161.897,Bluetooth,-70
161.898,Bluetooth,-72
185.248,Bluetooth,-75
185.287,Bluetooth,-71
185.288,Bluetooth,-72
185.319,Bluetooth,-62
185.320,Bluetooth,-62
185.347,Bluetooth,-76
185.348,Bluetooth,-76
185.387,Bluetooth,-71
185.389,Bluetooth,-72
185.495,Bluetooth,-74
185.496,Bluetooth,-76
185.535,Bluetooth,-72
185.536,Bluetooth,-71
185.567,Bluetooth,-62
185.568,Bluetooth,-62
185.597,Bluetooth,-75
185.598,Bluetooth,-75
185.632,Bluetooth,-76
185.662,Bluetooth,-75
185.695,Bluetooth,-64
185.696,Bluetooth,-63
185.727,Bluetooth,-77
185.762,Bluetooth,-75
185.763,Bluetooth,-74
185.796,Bluetooth,-64
185.797,Bluetooth,-64
185.828,Bluetooth,-80
185.893,Bluetooth,-75
185.895,Bluetooth,-74
185.927,Bluetooth,-65
185.928,Bluetooth,-64
185.961,Bluetooth,-80
185.962,Bluetooth,-80
185.998,Bluetooth,-73
185.999,Bluetooth,-75
186.036,Bluetooth,-65
186.037,Bluetooth,-65
186.073,Bluetooth,-78
186.074,Bluetooth,-78
186.113,Bluetooth,-75
186.114,Bluetooth,-75
186.144,Bluetooth,-75
186.146,Bluetooth,-75
186.262,Bluetooth,-76
186.263,Bluetooth,-77
186.329,Bluetooth,-74
186.330,Bluetooth,-74
186.492,Bluetooth,-71
186.494,Bluetooth,-71
186.526,Bluetooth,-61
186.527,Bluetooth,-61
186.562,Bluetooth,-74
186.563,Bluetooth,-74
186.593,Bluetooth,-70
186.629,Bluetooth,-61
186.630,Bluetooth,-61
186.667,Bluetooth,-74
186.668,Bluetooth,-74
186.706,Bluetooth,-71
186.707,Bluetooth,-71
186.814,Bluetooth,-73
186.815,Bluetooth,-75
186.846,Bluetooth,-74
186.847,Bluetooth,-72
186.881,Bluetooth,-62
186.882,Bluetooth,-61
186.917,Bluetooth,-76
186.918,Bluetooth,-75
186.954,Bluetooth,-73
186.955,Bluetooth,-73
186.985,Bluetooth,-62
186.986,Bluetooth,-62
187.022,Bluetooth,-63
187.023,Bluetooth,-62
187.054,Bluetooth,-80
187.055,Bluetooth,-80
187.092,Bluetooth,-74
187.126,Bluetooth,-62
187.127,Bluetooth,-63
187.157,Bluetooth,-83
187.159,Bluetooth,-83
187.192,Bluetooth,-74
187.193,Bluetooth,-74
187.462,Bluetooth,-73
187.463,Bluetooth,-73
187.532,Bluetooth,-72
187.534,Bluetooth,-72
187.572,Bluetooth,-70
187.574,Bluetooth,-69
187.613,Bluetooth,-61
187.615,Bluetooth,-61
187.641,Bluetooth,-72
187.643,Bluetooth,-73
187.678,Bluetooth,-69
187.679,Bluetooth,-69
187.710,Bluetooth,-61
187.711,Bluetooth,-61
187.926,Bluetooth,-71
187.927,Bluetooth,-71
187.961,Bluetooth,-63
187.962,Bluetooth,-63
187.993,Bluetooth,-77
187.994,Bluetooth,-76
188.034,Bluetooth,-73
188.035,Bluetooth,-72
188.217,Bluetooth,-64
188.219,Bluetooth,-62
188.247,Bluetooth,-84
188.249,Bluetooth,-84
188.284,Bluetooth,-73
188.286,Bluetooth,-74
188.318,Bluetooth,-63
188.319,Bluetooth,-62
188.348,Bluetooth,-82
188.349,Bluetooth,-82
188.381,Bluetooth,-82
188.382,Bluetooth,-82
188.491,Bluetooth,-80
188.492,Bluetooth,-79
188.528,Bluetooth,-75
188.604,Bluetooth,-80
188.605,Bluetooth,-79
188.645,Bluetooth,-75
188.646,Bluetooth,-73
188.683,Bluetooth,-61
188.684,Bluetooth,-61
188.717,Bluetooth,-75
188.718,Bluetooth,-77
188.756,Bluetooth,-70
188.757,Bluetooth,-69
188.789,Bluetooth,-60
188.790,Bluetooth,-61
188.858,Bluetooth,-76
188.897,Bluetooth,-68
188.899,Bluetooth,-67
188.937,Bluetooth,-62
188.938,Bluetooth,-61
188.975,Bluetooth,-73
188.976,Bluetooth,-74
189.010,Bluetooth,-67
189.043,Bluetooth,-62
189.044,Bluetooth,-60
189.115,Bluetooth,-71
189.116,Bluetooth,-68
219.044,Bluetooth,-57
219.045,Bluetooth,-58
219.114,Bluetooth,-59
219.115,Bluetooth,-61
219.149,Bluetooth,-57
219.150,Bluetooth,-57
219.183,Bluetooth,-57
219.184,Bluetooth,-57
219.216,Bluetooth,-57
219.217,Bluetooth,-57
219.251,Bluetooth,-60
219.252,Bluetooth,-61
219.289,Bluetooth,-57
219.325,Bluetooth,-57
219.327,Bluetooth,-57
219.357,Bluetooth,-61
219.359,Bluetooth,-60
219.390,Bluetooth,-57
219.391,Bluetooth,-58
219.430,Bluetooth,-56
219.431,Bluetooth,-57
219.468,Bluetooth,-61
219.469,Bluetooth,-61
219.535,Bluetooth,-56
219.536,Bluetooth,-56
219.571,Bluetooth,-56
219.573,Bluetooth,-56
219.608,Bluetooth,-61
219.610,Bluetooth,-62
219.640,Bluetooth,-56
219.641,Bluetooth,-56
219.673,Bluetooth,-56
219.674,Bluetooth,-56
219.817,Bluetooth,-55
219.850,Bluetooth,-61
219.852,Bluetooth,-61
220.011,Bluetooth,-57
220.012,Bluetooth,-57
220.081,Bluetooth,-64
220.082,Bluetooth,-64
220.110,Bluetooth,-57
220.112,Bluetooth,-57
220.145,Bluetooth,-55
220.146,Bluetooth,-56
220.216,Bluetooth,-65
220.217,Bluetooth,-65
220.314,Bluetooth,-64
220.315,Bluetooth,-63
220.379,Bluetooth,-57
220.380,Bluetooth,-58
220.444,Bluetooth,-62
220.445,Bluetooth,-63
220.472,Bluetooth,-57
220.473,Bluetooth,-57
220.513,Bluetooth,-55
220.514,Bluetooth,-56
220.554,Bluetooth,-65
220.555,Bluetooth,-64
220.662,Bluetooth,-54
220.663,Bluetooth,-55
220.741,Bluetooth,-54
220.742,Bluetooth,-55
220.773,Bluetooth,-54
220.774,Bluetooth,-53
220.845,Bluetooth,-55
220.847,Bluetooth,-55
220.882,Bluetooth,-55
220.883,Bluetooth,-54
220.912,Bluetooth,-59
220.914,Bluetooth,-61
220.975,Bluetooth,-55
220.976,Bluetooth,-55
221.049,Bluetooth,-59
221.050,Bluetooth,-60
221.085,Bluetooth,-56
221.087,Bluetooth,-55
221.158,Bluetooth,-59
221.159,Bluetooth,-61
221.190,Bluetooth,-55
221.191,Bluetooth,-56
221.264,Bluetooth,-60
221.265,Bluetooth,-60
221.295,Bluetooth,-60
221.296,Bluetooth,-59
221.356,Bluetooth,-54
221.358,Bluetooth,-55
221.387,Bluetooth,-60
221.388,Bluetooth,-61
221.425,Bluetooth,-56
221.426,Bluetooth,-56
221.459,Bluetooth,-55
221.460,Bluetooth,-57
221.499,Bluetooth,-54
221.500,Bluetooth,-54
221.532,Bluetooth,-62
221.533,Bluetooth,-62
221.675,Bluetooth,-58
221.677,Bluetooth,-58
221.707,Bluetooth,-56
221.708,Bluetooth,-56
221.744,Bluetooth,-56
221.745,Bluetooth,-57
221.774,Bluetooth,-67
221.775,Bluetooth,-66
221.809,Bluetooth,-60
221.847,Bluetooth,-58
221.848,Bluetooth,-58
221.880,Bluetooth,-67
221.881,Bluetooth,-68
221.919,Bluetooth,-59
221.920,Bluetooth,-59
221.993,Bluetooth,-65
221.994,Bluetooth,-66
222.026,Bluetooth,-60
222.027,Bluetooth,-61
222.095,Bluetooth,-59
222.096,Bluetooth,-59
222.127,Bluetooth,-62
222.128,Bluetooth,-62
222.156,Bluetooth,-62
222.158,Bluetooth,-63
222.192,Bluetooth,-60
222.194,Bluetooth,-60
222.233,Bluetooth,-62
222.234,Bluetooth,-62
222.272,Bluetooth,-62
222.273,Bluetooth,-63
222.338,Bluetooth,-65
222.340,Bluetooth,-65
222.376,Bluetooth,-64
222.377,Bluetooth,-62
222.414,Bluetooth,-66
222.415,Bluetooth,-66
222.447,Bluetooth,-62
222.448,Bluetooth,-61
222.481,Bluetooth,-60
222.482,Bluetooth,-60
222.520,Bluetooth,-72
222.521,Bluetooth,-72
222.562,Bluetooth,-58
222.563,Bluetooth,-59
222.604,Bluetooth,-55
222.605,Bluetooth,-54
222.639,Bluetooth,-67
222.640,Bluetooth,-66
222.672,Bluetooth,-57
222.673,Bluetooth,-56
222.704,Bluetooth,-55
222.705,Bluetooth,-55
222.738,Bluetooth,-55
222.739,Bluetooth,-56
222.774,Bluetooth,-65
222.775,Bluetooth,-65
222.807,Bluetooth,-59
222.808,Bluetooth,-59
222.842,Bluetooth,-60
222.843,Bluetooth,-60
222.872,Bluetooth,-63
222.873,Bluetooth,-62
222.909,Bluetooth,-60
222.910,Bluetooth,-60
222.944,Bluetooth,-58
222.945,Bluetooth,-59
223.015,Bluetooth,-60
223.016,Bluetooth,-60
250.210,Bluetooth,-60
250.211,Bluetooth,-60
250.316,Bluetooth,-61
250.317,Bluetooth,-59
250.354,Bluetooth,-57
250.355,Bluetooth,-56
250.388,Bluetooth,-57
250.389,Bluetooth,-57
250.418,Bluetooth,-57
250.419,Bluetooth,-58
250.493,Bluetooth,-61
250.495,Bluetooth,-61
250.526,Bluetooth,-59
250.527,Bluetooth,-58
250.555,Bluetooth,-61
250.556,Bluetooth,-61
250.586,Bluetooth,-72
250.587,Bluetooth,-71
250.621,Bluetooth,-72
250.622,Bluetooth,-72
250.774,Bluetooth,-59
250.775,Bluetooth,-59
250.801,Bluetooth,-60
250.802,Bluetooth,-61
250.875,Bluetooth,-66
250.876,Bluetooth,-65
250.952,Bluetooth,-64
250.953,Bluetooth,-64
251.018,Bluetooth,-62
251.019,Bluetooth,-62
251.056,Bluetooth,-73
251.057,Bluetooth,-75
251.093,Bluetooth,-62
251.094,Bluetooth,-64
251.169,Bluetooth,-72
251.170,Bluetooth,-72
251.207,Bluetooth,-66
251.207,Bluetooth,-67
251.242,Bluetooth,-66
251.244,Bluetooth,-67
251.281,Bluetooth,-75
251.283,Bluetooth,-74
251.354,Bluetooth,-71
251.356,Bluetooth,-72
251.393,Bluetooth,-73
251.395,Bluetooth,-74
251.490,Bluetooth,-64
251.492,Bluetooth,-63
251.529,Bluetooth,-70
251.530,Bluetooth,-70
251.597,Bluetooth,-72
251.598,Bluetooth,-72
251.632,Bluetooth,-75
251.633,Bluetooth,-74
251.663,Bluetooth,-63
251.664,Bluetooth,-63
251.738,Bluetooth,-64
251.739,Bluetooth,-64
251.789,Bluetooth,-67
251.790,Bluetooth,-67
251.854,Bluetooth,-65
251.855,Bluetooth,-65
251.971,Bluetooth,-69
252.009,Bluetooth,-70
252.011,Bluetooth,-70
252.076,Bluetooth,-64
252.078,Bluetooth,-65
252.116,Bluetooth,-70
252.117,Bluetooth,-70
252.186,Bluetooth,-62
252.187,Bluetooth,-63
252.225,Bluetooth,-70
252.227,Bluetooth,-72
252.265,Bluetooth,-63
252.298,Bluetooth,-63
252.299,Bluetooth,-64
252.335,Bluetooth,-67
252.336,Bluetooth,-66
252.408,Bluetooth,-71
252.409,Bluetooth,-69
252.438,Bluetooth,-63
252.439,Bluetooth,-63
252.474,Bluetooth,-78
252.475,Bluetooth,-77
252.510,Bluetooth,-66
252.512,Bluetooth,-66
252.548,Bluetooth,-62
252.549,Bluetooth,-62
252.588,Bluetooth,-69
252.589,Bluetooth,-69
252.619,Bluetooth,-78
252.686,Bluetooth,-63
252.687,Bluetooth,-64
252.723,Bluetooth,-79
252.724,Bluetooth,-78
252.758,Bluetooth,-63
252.760,Bluetooth,-62
252.822,Bluetooth,-71
252.823,Bluetooth,-71
252.929,Bluetooth,-69
252.930,Bluetooth,-70
252.962,Bluetooth,-68
252.963,Bluetooth,-67
253.001,Bluetooth,-61
253.002,Bluetooth,-61
253.034,Bluetooth,-70
253.036,Bluetooth,-67
253.143,Bluetooth,-66
253.145,Bluetooth,-66
253.173,Bluetooth,-65
253.174,Bluetooth,-67
253.204,Bluetooth,-68
253.205,Bluetooth,-68
253.243,Bluetooth,-61
253.245,Bluetooth,-61
253.279,Bluetooth,-65
253.316,Bluetooth,-67
253.317,Bluetooth,-67
253.347,Bluetooth,-60
253.348,Bluetooth,-59
253.484,Bluetooth,-61
253.485,Bluetooth,-61
253.585,Bluetooth,-60
253.586,Bluetooth,-59
253.617,Bluetooth,-60
253.618,Bluetooth,-60
253.649,Bluetooth,-68
253.650,Bluetooth,-67
253.724,Bluetooth,-59
253.725,Bluetooth,-59
253.763,Bluetooth,-65
253.764,Bluetooth,-67
253.796,Bluetooth,-66
253.829,Bluetooth,-61
253.903,Bluetooth,-66
253.904,Bluetooth,-65
253.977,Bluetooth,-61
253.979,Bluetooth,-61
254.007,Bluetooth,-66
254.008,Bluetooth,-67
254.039,Bluetooth,-67
254.040,Bluetooth,-66
254.078,Bluetooth,-60
254.080,Bluetooth,-61
254.116,Bluetooth,-65
254.117,Bluetooth,-65
254.146,Bluetooth,-66
254.148,Bluetooth,-66
254.178,Bluetooth,-65
254.180,Bluetooth,-66
280.004,Bluetooth,-77
280.035,Bluetooth,-76
280.036,Bluetooth,-76
280.096,Bluetooth,-66
280.097,Bluetooth,-67
280.168,Bluetooth,-76
280.168,Bluetooth,-74
280.197,Bluetooth,-66
280.198,Bluetooth,-67
280.264,Bluetooth,-75
280.265,Bluetooth,-75
280.338,Bluetooth,-68
280.339,Bluetooth,-67
280.372,Bluetooth,-78
280.373,Bluetooth,-78
280.404,Bluetooth,-75
280.405,Bluetooth,-76
280.438,Bluetooth,-67
280.439,Bluetooth,-67
280.478,Bluetooth,-78
280.479,Bluetooth,-79
280.518,Bluetooth,-75
280.519,Bluetooth,-75
280.552,Bluetooth,-67
280.553,Bluetooth,-67
280.592,Bluetooth,-79
280.593,Bluetooth,-79
280.622,Bluetooth,-75
280.624,Bluetooth,-76
280.660,Bluetooth,-75
280.661,Bluetooth,-76
280.690,Bluetooth,-67
280.691,Bluetooth,-67
280.724,Bluetooth,-78
280.725,Bluetooth,-79
280.757,Bluetooth,-75
280.759,Bluetooth,-75
280.793,Bluetooth,-67
280.795,Bluetooth,-68
280.837,Bluetooth,-78
280.838,Bluetooth,-79
280.866,Bluetooth,-75
280.867,Bluetooth,-75
280.899,Bluetooth,-74
280.900,Bluetooth,-76
280.928,Bluetooth,-69
280.929,Bluetooth,-69
280.969,Bluetooth,-77
280.970,Bluetooth,-76
281.007,Bluetooth,-78
281.008,Bluetooth,-77
281.069,Bluetooth,-76
281.070,Bluetooth,-76
281.135,Bluetooth,-84
281.136,Bluetooth,-85
281.165,Bluetooth,-78
281.202,Bluetooth,-85
281.236,Bluetooth,-85
281.237,Bluetooth,-85
281.264,Bluetooth,-69
281.266,Bluetooth,-70
281.325,Bluetooth,-84
281.327,Bluetooth,-81
281.366,Bluetooth,-76
281.367,Bluetooth,-75
281.395,Bluetooth,-65
281.396,Bluetooth,-64
281.476,Bluetooth,-74
281.477,Bluetooth,-74
281.514,Bluetooth,-65
281.515,Bluetooth,-65
281.554,Bluetooth,-69
281.555,Bluetooth,-68
281.625,Bluetooth,-65
281.626,Bluetooth,-63
281.663,Bluetooth,-68
281.665,Bluetooth,-68
281.703,Bluetooth,-72
281.770,Bluetooth,-62
281.771,Bluetooth,-62
281.803,Bluetooth,-69
281.804,Bluetooth,-68
281.839,Bluetooth,-71
281.874,Bluetooth,-63
281.875,Bluetooth,-62
281.948,Bluetooth,-72
281.949,Bluetooth,-72
281.987,Bluetooth,-63
281.988,Bluetooth,-63
282.027,Bluetooth,-72
282.028,Bluetooth,-71
282.065,Bluetooth,-72
282.066,Bluetooth,-72
282.096,Bluetooth,-72
282.098,Bluetooth,-71
282.130,Bluetooth,-64
282.164,Bluetooth,-71
282.273,Bluetooth,-72
282.275,Bluetooth,-72
282.310,Bluetooth,-71
282.311,Bluetooth,-71
282.347,Bluetooth,-62
282.348,Bluetooth,-63
282.420,Bluetooth,-74
282.421,Bluetooth,-73
282.451,Bluetooth,-69
282.452,Bluetooth,-70
282.489,Bluetooth,-63
282.490,Bluetooth,-63
282.529,Bluetooth,-73
282.530,Bluetooth,-74
282.565,Bluetooth,-70
282.567,Bluetooth,-70
282.594,Bluetooth,-63
282.595,Bluetooth,-64
282.663,Bluetooth,-70
282.664,Bluetooth,-70
282.737,Bluetooth,-63
282.738,Bluetooth,-64
282.773,Bluetooth,-72
282.775,Bluetooth,-72
282.804,Bluetooth,-69
282.840,Bluetooth,-64
282.841,Bluetooth,-64
282.870,Bluetooth,-70
282.871,Bluetooth,-71
282.906,Bluetooth,-70
282.907,Bluetooth,-70
282.977,Bluetooth,-63
282.978,Bluetooth,-64
283.007,Bluetooth,-73
283.008,Bluetooth,-72
283.049,Bluetooth,-68
283.050,Bluetooth,-69
283.114,Bluetooth,-73
283.115,Bluetooth,-73
283.154,Bluetooth,-69
283.155,Bluetooth,-69
283.192,Bluetooth,-65
283.193,Bluetooth,-64
283.224,Bluetooth,-76
283.225,Bluetooth,-75
283.257,Bluetooth,-76
283.258,Bluetooth,-77
283.291,Bluetooth,-69
283.292,Bluetooth,-69
283.328,Bluetooth,-64
283.329,Bluetooth,-64
283.359,Bluetooth,-79
283.360,Bluetooth,-78
283.390,Bluetooth,-71
283.391,Bluetooth,-71
283.455,Bluetooth,-64
283.456,Bluetooth,-64
283.595,Bluetooth,-79
283.596,Bluetooth,-79
283.632,Bluetooth,-72
283.634,Bluetooth,-72
283.665,Bluetooth,-64
283.666,Bluetooth,-64
283.696,Bluetooth,-65
283.697,Bluetooth,-64
283.734,Bluetooth,-77
283.735,Bluetooth,-77
283.770,Bluetooth,-74
283.846,Bluetooth,-75
283.878,Bluetooth,-74
283.879,Bluetooth,-75
283.909,Bluetooth,-67
283.974,Bluetooth,-71
283.975,Bluetooth,-72
314.044,Bluetooth,-61
314.045,Bluetooth,-62
314.114,Bluetooth,-69
314.115,Bluetooth,-69
314.152,Bluetooth,-62
314.153,Bluetooth,-62
314.184,Bluetooth,-71
314.185,Bluetooth,-71
314.249,Bluetooth,-68
314.250,Bluetooth,-69
314.288,Bluetooth,-60
314.289,Bluetooth,-62
314.322,Bluetooth,-72
314.323,Bluetooth,-71
314.417,Bluetooth,-62
314.419,Bluetooth,-62
314.524,Bluetooth,-62
314.525,Bluetooth,-62
314.556,Bluetooth,-73
314.558,Bluetooth,-73
314.591,Bluetooth,-72
314.592,Bluetooth,-71
314.630,Bluetooth,-62
314.668,Bluetooth,-74
314.773,Bluetooth,-62
314.774,Bluetooth,-62
314.847,Bluetooth,-72
314.924,Bluetooth,-71
314.925,Bluetooth,-71
314.956,Bluetooth,-71
314.957,Bluetooth,-71
315.059,Bluetooth,-73
315.061,Bluetooth,-73
315.096,Bluetooth,-71
315.131,Bluetooth,-62
315.133,Bluetooth,-63
315.169,Bluetooth,-74
315.170,Bluetooth,-74
315.202,Bluetooth,-74
315.276,Bluetooth,-74
315.277,Bluetooth,-75
315.342,Bluetooth,-63
315.343,Bluetooth,-64
315.372,Bluetooth,-62
315.373,Bluetooth,-64
315.442,Bluetooth,-73
315.444,Bluetooth,-73
315.509,Bluetooth,-79
315.542,Bluetooth,-73
315.543,Bluetooth,-72
315.578,Bluetooth,-73
315.579,Bluetooth,-73
315.618,Bluetooth,-64
315.619,Bluetooth,-64
315.725,Bluetooth,-64
315.726,Bluetooth,-63
315.763,Bluetooth,-77
315.796,Bluetooth,-74
315.797,Bluetooth,-74
315.836,Bluetooth,-64
315.837,Bluetooth,-64
315.875,Bluetooth,-76
315.876,Bluetooth,-78
315.905,Bluetooth,-75
315.906,Bluetooth,-74
315.946,Bluetooth,-64
315.947,Bluetooth,-63
315.986,Bluetooth,-71
315.987,Bluetooth,-71
316.015,Bluetooth,-78
316.017,Bluetooth,-78
316.185,Bluetooth,-63
316.186,Bluetooth,-63
316.249,Bluetooth,-72
316.250,Bluetooth,-72
316.278,Bluetooth,-76
316.279,Bluetooth,-75
316.347,Bluetooth,-72
316.348,Bluetooth,-73
316.377,Bluetooth,-72
316.378,Bluetooth,-72
316.408,Bluetooth,-69
316.409,Bluetooth,-69
316.481,Bluetooth,-72
316.482,Bluetooth,-71
316.519,Bluetooth,-66
316.595,Bluetooth,-72
316.596,Bluetooth,-71
316.629,Bluetooth,-66
316.630,Bluetooth,-66
316.723,Bluetooth,-72
316.724,Bluetooth,-73
316.759,Bluetooth,-66
316.928,Bluetooth,-62
316.929,Bluetooth,-61
316.963,Bluetooth,-72
316.964,Bluetooth,-71
316.997,Bluetooth,-72
316.998,Bluetooth,-73
317.071,Bluetooth,-74
317.072,Bluetooth,-73
317.130,Bluetooth,-76
317.170,Bluetooth,-64
317.171,Bluetooth,-63
317.236,Bluetooth,-76
317.270,Bluetooth,-64
317.363,Bluetooth,-79
317.365,Bluetooth,-79
317.532,Bluetooth,-64
317.533,Bluetooth,-64
317.567,Bluetooth,-73
317.568,Bluetooth,-73
317.603,Bluetooth,-88
317.639,Bluetooth,-65
317.641,Bluetooth,-64
317.672,Bluetooth,-72
317.672,Bluetooth,-74
317.876,Bluetooth,-65
317.877,Bluetooth,-64
317.916,Bluetooth,-74
317.917,Bluetooth,-75
317.949,Bluetooth,-87
317.950,Bluetooth,-87
317.988,Bluetooth,-65
317.989,Bluetooth,-66
345.118,Bluetooth,-64
345.119,Bluetooth,-65
345.149,Bluetooth,-72
345.151,Bluetooth,-73
345.213,Bluetooth,-60
345.215,Bluetooth,-60
345.275,Bluetooth,-72
345.277,Bluetooth,-74
345.306,Bluetooth,-58
345.308,Bluetooth,-60
345.336,Bluetooth,-58
345.338,Bluetooth,-58
345.375,Bluetooth,-65
345.376,Bluetooth,-65
345.407,Bluetooth,-70
345.408,Bluetooth,-71
345.443,Bluetooth,-73
345.444,Bluetooth,-74
345.478,Bluetooth,-66
345.479,Bluetooth,-65
345.512,Bluetooth,-72
345.513,Bluetooth,-73
345.543,Bluetooth,-59
345.544,Bluetooth,-61
345.580,Bluetooth,-59
345.581,Bluetooth,-60
345.648,Bluetooth,-72
345.649,Bluetooth,-72
345.683,Bluetooth,-57
345.684,Bluetooth,-59
345.722,Bluetooth,-64
345.723,Bluetooth,-65
345.760,Bluetooth,-70
345.762,Bluetooth,-72
345.833,Bluetooth,-63
345.834,Bluetooth,-64
345.873,Bluetooth,-71
345.874,Bluetooth,-72
345.905,Bluetooth,-59
345.906,Bluetooth,-59
345.943,Bluetooth,-65
345.944,Bluetooth,-66
345.984,Bluetooth,-69
345.985,Bluetooth,-69
346.015,Bluetooth,-69
346.016,Bluetooth,-70
346.048,Bluetooth,-60
346.049,Bluetooth,-60
346.078,Bluetooth,-65
346.080,Bluetooth,-65
346.109,Bluetooth,-70
346.111,Bluetooth,-69
346.148,Bluetooth,-60
346.149,Bluetooth,-59
346.225,Bluetooth,-69
346.226,Bluetooth,-70
346.257,Bluetooth,-69
346.258,Bluetooth,-70
346.294,Bluetooth,-58
346.295,Bluetooth,-59
346.330,Bluetooth,-65
346.332,Bluetooth,-65
346.404,Bluetooth,-58
346.405,Bluetooth,-58
346.511,Bluetooth,-58
346.512,Bluetooth,-58
346.553,Bluetooth,-65
346.554,Bluetooth,-64
346.592,Bluetooth,-69
346.593,Bluetooth,-69
346.628,Bluetooth,-59
346.629,Bluetooth,-59
346.708,Bluetooth,-69
346.710,Bluetooth,-70
346.778,Bluetooth,-58
346.779,Bluetooth,-59
346.808,Bluetooth,-65
346.810,Bluetooth,-65
346.841,Bluetooth,-70
346.841,Bluetooth,-70
346.913,Bluetooth,-65
346.950,Bluetooth,-72
346.951,Bluetooth,-71
347.012,Bluetooth,-59
347.013,Bluetooth,-59
347.051,Bluetooth,-65
347.052,Bluetooth,-64
347.122,Bluetooth,-60
347.123,Bluetooth,-59
347.160,Bluetooth,-65
347.197,Bluetooth,-68
347.198,Bluetooth,-69
347.233,Bluetooth,-59
347.234,Bluetooth,-59
347.267,Bluetooth,-67
347.269,Bluetooth,-66
347.374,Bluetooth,-59
347.375,Bluetooth,-59
347.413,Bluetooth,-67
347.415,Bluetooth,-67
347.447,Bluetooth,-68
347.448,Bluetooth,-67
347.485,Bluetooth,-59
347.487,Bluetooth,-59
347.562,Bluetooth,-67
347.563,Bluetooth,-67
347.599,Bluetooth,-58
347.600,Bluetooth,-59
347.637,Bluetooth,-69
347.638,Bluetooth,-69
347.674,Bluetooth,-68
347.675,Bluetooth,-68
347.704,Bluetooth,-60
347.705,Bluetooth,-58
347.738,Bluetooth,-59
347.739,Bluetooth,-58
347.768,Bluetooth,-70
347.769,Bluetooth,-70
347.800,Bluetooth,-68
347.801,Bluetooth,-67
347.830,Bluetooth,-58
347.831,Bluetooth,-58
347.966,Bluetooth,-58
347.968,Bluetooth,-58
348.000,Bluetooth,-67
348.001,Bluetooth,-68
348.037,Bluetooth,-67
348.038,Bluetooth,-68
348.067,Bluetooth,-57
348.068,Bluetooth,-57
348.107,Bluetooth,-66
348.108,Bluetooth,-67
348.138,Bluetooth,-69
348.170,Bluetooth,-68
348.246,Bluetooth,-69
348.247,Bluetooth,-68
348.283,Bluetooth,-68
348.284,Bluetooth,-68
348.316,Bluetooth,-58
348.317,Bluetooth,-58
348.355,Bluetooth,-68
348.356,Bluetooth,-68
348.387,Bluetooth,-67
348.388,Bluetooth,-68
348.418,Bluetooth,-70
348.419,Bluetooth,-68
348.456,Bluetooth,-57
348.458,Bluetooth,-57
348.535,Bluetooth,-69
348.536,Bluetooth,-68
348.564,Bluetooth,-56
348.566,Bluetooth,-56
348.600,Bluetooth,-65
348.602,Bluetooth,-65
348.641,Bluetooth,-70
348.642,Bluetooth,-70
348.679,Bluetooth,-55
348.680,Bluetooth,-56
348.788,Bluetooth,-56
348.789,Bluetooth,-55
348.822,Bluetooth,-64
348.823,Bluetooth,-65
348.852,Bluetooth,-65
348.853,Bluetooth,-65
348.884,Bluetooth,-72
348.885,Bluetooth,-70
348.913,Bluetooth,-56
348.914,Bluetooth,-56
348.953,Bluetooth,-65
348.954,Bluetooth,-65
348.985,Bluetooth,-70
348.986,Bluetooth,-70
349.015,Bluetooth,-70
349.016,Bluetooth,-71
349.084,Bluetooth,-65
349.085,Bluetooth,-65
375.444,Bluetooth,-90
375.445,Bluetooth,-92
375.475,Bluetooth,-60
375.476,Bluetooth,-60
375.579,Bluetooth,-70
375.580,Bluetooth,-69
375.615,Bluetooth,-67
375.616,Bluetooth,-66
375.760,Bluetooth,-62
375.761,Bluetooth,-62
375.833,Bluetooth,-69
375.834,Bluetooth,-67
375.868,Bluetooth,-62
375.869,Bluetooth,-63
375.903,Bluetooth,-73
375.904,Bluetooth,-73
375.936,Bluetooth,-63
375.938,Bluetooth,-61
376.045,Bluetooth,-62
376.046,Bluetooth,-63
376.074,Bluetooth,-67
376.075,Bluetooth,-68
376.114,Bluetooth,-70
376.115,Bluetooth,-71
376.145,Bluetooth,-65
376.147,Bluetooth,-64
376.211,Bluetooth,-60
376.212,Bluetooth,-61
376.250,Bluetooth,-62
376.251,Bluetooth,-61
376.288,Bluetooth,-74
376.289,Bluetooth,-74
376.321,Bluetooth,-64
376.322,Bluetooth,-64
376.355,Bluetooth,-60
376.355,Bluetooth,-61
376.389,Bluetooth,-64
376.390,Bluetooth,-66
376.450,Bluetooth,-67
376.452,Bluetooth,-68
376.563,Bluetooth,-62
376.565,Bluetooth,-63
376.603,Bluetooth,-63
376.605,Bluetooth,-64
376.637,Bluetooth,-67
376.638,Bluetooth,-66
376.668,Bluetooth,-60
376.669,Bluetooth,-61
376.706,Bluetooth,-61
376.707,Bluetooth,-61
376.815,Bluetooth,-65
376.816,Bluetooth,-65
376.849,Bluetooth,-68
376.850,Bluetooth,-68
376.919,Bluetooth,-69
376.920,Bluetooth,-69
376.959,Bluetooth,-63
376.960,Bluetooth,-63
377.021,Bluetooth,-69
377.058,Bluetooth,-67
377.059,Bluetooth,-66
377.097,Bluetooth,-64
377.098,Bluetooth,-65
377.135,Bluetooth,-74
377.136,Bluetooth,-73
377.210,Bluetooth,-65
377.211,Bluetooth,-65
377.250,Bluetooth,-71
377.251,Bluetooth,-71
377.283,Bluetooth,-72
377.284,Bluetooth,-72
377.317,Bluetooth,-69
377.318,Bluetooth,-70
377.388,Bluetooth,-66
377.389,Bluetooth,-67
377.423,Bluetooth,-70
377.424,Bluetooth,-70
377.458,Bluetooth,-70
377.460,Bluetooth,-70
377.494,Bluetooth,-67
377.495,Bluetooth,-66
377.529,Bluetooth,-66
377.530,Bluetooth,-66
377.564,Bluetooth,-77
377.565,Bluetooth,-77
377.771,Bluetooth,-57
377.772,Bluetooth,-56
377.875,Bluetooth,-60
377.876,Bluetooth,-58
377.945,Bluetooth,-68
377.946,Bluetooth,-67
378.017,Bluetooth,-56
378.019,Bluetooth,-55
378.095,Bluetooth,-66
378.096,Bluetooth,-65
378.132,Bluetooth,-59
378.134,Bluetooth,-59
378.166,Bluetooth,-75
378.207,Bluetooth,-62
378.208,Bluetooth,-61
378.240,Bluetooth,-60
378.241,Bluetooth,-61
378.272,Bluetooth,-60
378.312,Bluetooth,-70
378.313,Bluetooth,-70
378.386,Bluetooth,-63
378.387,Bluetooth,-61
378.423,Bluetooth,-72
378.424,Bluetooth,-73
378.459,Bluetooth,-72
378.460,Bluetooth,-72
378.491,Bluetooth,-62
378.492,Bluetooth,-63
378.529,Bluetooth,-62
378.530,Bluetooth,-63
378.564,Bluetooth,-69
378.565,Bluetooth,-68
378.600,Bluetooth,-64
378.601,Bluetooth,-64
378.633,Bluetooth,-64
378.634,Bluetooth,-63
378.774,Bluetooth,-64
378.775,Bluetooth,-65
378.837,Bluetooth,-63
378.838,Bluetooth,-63
378.871,Bluetooth,-65
378.872,Bluetooth,-65
378.912,Bluetooth,-66
378.913,Bluetooth,-67
378.983,Bluetooth,-62
378.984,Bluetooth,-64
379.045,Bluetooth,-67
379.046,Bluetooth,-65
379.081,Bluetooth,-62
379.082,Bluetooth,-63
379.148,Bluetooth,-64
379.149,Bluetooth,-64
379.183,Bluetooth,-62
379.184,Bluetooth,-61
379.218,Bluetooth,-62
379.220,Bluetooth,-62
379.285,Bluetooth,-64
379.286,Bluetooth,-63
379.321,Bluetooth,-61
379.322,Bluetooth,-61
379.360,Bluetooth,-68
379.361,Bluetooth,-68
379.392,Bluetooth,-64
379.393,Bluetooth,-63
410.266,Bluetooth,-67
410.337,Bluetooth,-64
410.339,Bluetooth,-64
410.487,Bluetooth,-62
410.488,Bluetooth,-62
410.523,Bluetooth,-67
410.524,Bluetooth,-67
410.555,Bluetooth,-63
410.556,Bluetooth,-64
410.586,Bluetooth,-62
410.587,Bluetooth,-64
410.658,Bluetooth,-66
410.659,Bluetooth,-68
410.804,Bluetooth,-63
410.805,Bluetooth,-64
410.868,Bluetooth,-66
410.869,Bluetooth,-66
410.971,Bluetooth,-62
410.973,Bluetooth,-62
411.006,Bluetooth,-67
411.007,Bluetooth,-68
411.044,Bluetooth,-64
411.045,Bluetooth,-64
411.077,Bluetooth,-64
411.078,Bluetooth,-63
411.105,Bluetooth,-65
411.106,Bluetooth,-67
411.216,Bluetooth,-61
411.218,Bluetooth,-61
411.289,Bluetooth,-63
411.290,Bluetooth,-64
411.354,Bluetooth,-66
411.355,Bluetooth,-66
411.394,Bluetooth,-62
411.425,Bluetooth,-62
411.426,Bluetooth,-63
411.491,Bluetooth,-66
411.492,Bluetooth,-66
411.569,Bluetooth,-61
411.570,Bluetooth,-62
411.599,Bluetooth,-66
411.600,Bluetooth,-66
411.635,Bluetooth,-64
411.636,Bluetooth,-64
411.672,Bluetooth,-63
411.673,Bluetooth,-62
411.704,Bluetooth,-66
411.705,Bluetooth,-66
411.735,Bluetooth,-67
411.736,Bluetooth,-66
411.775,Bluetooth,-63
411.815,Bluetooth,-62
411.816,Bluetooth,-63
411.919,Bluetooth,-62
411.920,Bluetooth,-62
411.957,Bluetooth,-66
411.958,Bluetooth,-66
411.993,Bluetooth,-68
411.994,Bluetooth,-68
412.024,Bluetooth,-62
412.025,Bluetooth,-61
412.054,Bluetooth,-63
412.055,Bluetooth,-62
412.083,Bluetooth,-66
412.084,Bluetooth,-68
412.115,Bluetooth,-65
412.116,Bluetooth,-64
412.150,Bluetooth,-63
412.151,Bluetooth,-62
412.188,Bluetooth,-67
412.189,Bluetooth,-66
412.228,Bluetooth,-63
412.230,Bluetooth,-64
412.269,Bluetooth,-61
412.270,Bluetooth,-62
412.334,Bluetooth,-68
412.335,Bluetooth,-66
412.369,Bluetooth,-64
412.370,Bluetooth,-64
412.410,Bluetooth,-64
412.411,Bluetooth,-62
412.526,Bluetooth,-62
412.527,Bluetooth,-62
412.562,Bluetooth,-66
412.563,Bluetooth,-67
412.596,Bluetooth,-64
412.598,Bluetooth,-64
412.674,Bluetooth,-66
412.675,Bluetooth,-66
412.709,Bluetooth,-63
412.710,Bluetooth,-63
412.779,Bluetooth,-61
412.780,Bluetooth,-62
412.811,Bluetooth,-66
412.812,Bluetooth,-65
412.841,Bluetooth,-64
412.842,Bluetooth,-64
412.880,Bluetooth,-61
412.881,Bluetooth,-62
412.918,Bluetooth,-65
412.919,Bluetooth,-68
412.994,Bluetooth,-62
412.995,Bluetooth,-64
413.022,Bluetooth,-66
413.023,Bluetooth,-66
413.064,Bluetooth,-63
413.065,Bluetooth,-63
413.095,Bluetooth,-64
413.096,Bluetooth,-64
413.129,Bluetooth,-62
413.130,Bluetooth,-62
413.164,Bluetooth,-66
413.165,Bluetooth,-67
413.205,Bluetooth,-64
413.207,Bluetooth,-64
413.240,Bluetooth,-62
413.241,Bluetooth,-62
413.306,Bluetooth,-65
413.307,Bluetooth,-65
413.337,Bluetooth,-65
413.338,Bluetooth,-63
413.412,Bluetooth,-67
413.413,Bluetooth,-67
413.444,Bluetooth,-63
413.445,Bluetooth,-64
413.554,Bluetooth,-64
413.555,Bluetooth,-64
413.589,Bluetooth,-62
413.590,Bluetooth,-63
413.625,Bluetooth,-65
413.626,Bluetooth,-67
413.664,Bluetooth,-63
413.664,Bluetooth,-65
413.694,Bluetooth,-63
413.694,Bluetooth,-65
413.769,Bluetooth,-67
413.770,Bluetooth,-67
413.810,Bluetooth,-65
413.811,Bluetooth,-64
413.844,Bluetooth,-63
413.880,Bluetooth,-66
413.881,Bluetooth,-67
413.911,Bluetooth,-64
413.912,Bluetooth,-64
414.015,Bluetooth,-67
414.016,Bluetooth,-67
414.085,Bluetooth,-62
414.087,Bluetooth,-62
414.146,Bluetooth,-64
414.216,Bluetooth,-62
414.218,Bluetooth,-62
438.694,Bluetooth,-65
438.695,Bluetooth,-65
438.736,Bluetooth,-67
438.737,Bluetooth,-67
438.811,Bluetooth,-65
438.812,Bluetooth,-65
438.844,Bluetooth,-67
438.917,Bluetooth,-65
438.918,Bluetooth,-65
438.948,Bluetooth,-67
438.949,Bluetooth,-67
438.988,Bluetooth,-74
438.990,Bluetooth,-75
439.019,Bluetooth,-75
439.021,Bluetooth,-74
439.047,Bluetooth,-65
439.048,Bluetooth,-65
439.086,Bluetooth,-67
439.087,Bluetooth,-67
439.121,Bluetooth,-74
439.122,Bluetooth,-74
439.154,Bluetooth,-65
439.155,Bluetooth,-64
439.195,Bluetooth,-66
439.196,Bluetooth,-68
439.235,Bluetooth,-74
439.236,Bluetooth,-75
439.268,Bluetooth,-66
439.270,Bluetooth,-65
439.338,Bluetooth,-67
439.339,Bluetooth,-68
439.375,Bluetooth,-73
439.376,Bluetooth,-73
439.410,Bluetooth,-65
439.411,Bluetooth,-65
439.482,Bluetooth,-73
439.483,Bluetooth,-74
439.515,Bluetooth,-64
439.516,Bluetooth,-64
439.546,Bluetooth,-68
439.547,Bluetooth,-69
439.677,Bluetooth,-70
439.709,Bluetooth,-76
439.710,Bluetooth,-76
439.741,Bluetooth,-67
439.742,Bluetooth,-66
439.775,Bluetooth,-67
439.776,Bluetooth,-67
439.876,Bluetooth,-75
439.878,Bluetooth,-76
439.918,Bluetooth,-81
439.950,Bluetooth,-81
439.952,Bluetooth,-82
439.979,Bluetooth,-80
440.044,Bluetooth,-80
440.045,Bluetooth,-79
440.085,Bluetooth,-71
440.086,Bluetooth,-71
440.126,Bluetooth,-76
440.127,Bluetooth,-76
440.162,Bluetooth,-73
440.195,Bluetooth,-77
440.196,Bluetooth,-76
440.268,Bluetooth,-72
440.368,Bluetooth,-80
440.399,Bluetooth,-73
440.400,Bluetooth,-73
440.440,Bluetooth,-77
440.441,Bluetooth,-76
440.481,Bluetooth,-79
440.509,Bluetooth,-72
440.510,Bluetooth,-71
440.575,Bluetooth,-80
440.576,Bluetooth,-81
440.606,Bluetooth,-79
440.608,Bluetooth,-79
440.638,Bluetooth,-68
440.639,Bluetooth,-68
440.672,Bluetooth,-78
440.673,Bluetooth,-78
440.712,Bluetooth,-74
440.713,Bluetooth,-74
440.746,Bluetooth,-67
440.747,Bluetooth,-68
440.786,Bluetooth,-75
440.814,Bluetooth,-75
440.855,Bluetooth,-71
440.856,Bluetooth,-70
440.884,Bluetooth,-66
440.885,Bluetooth,-69
440.923,Bluetooth,-73
441.000,Bluetooth,-69
441.001,Bluetooth,-67
441.034,Bluetooth,-72
441.068,Bluetooth,-71
441.069,Bluetooth,-71
441.185,Bluetooth,-70
441.186,Bluetooth,-71
441.218,Bluetooth,-70
441.247,Bluetooth,-68
441.248,Bluetooth,-67
441.321,Bluetooth,-70
441.354,Bluetooth,-68
441.355,Bluetooth,-68
441.393,Bluetooth,-73
441.394,Bluetooth,-74
441.424,Bluetooth,-71
441.425,Bluetooth,-71
441.462,Bluetooth,-68
441.463,Bluetooth,-68
441.572,Bluetooth,-71
441.573,Bluetooth,-71
441.632,Bluetooth,-74
441.634,Bluetooth,-74
441.764,Bluetooth,-73
441.765,Bluetooth,-74
441.797,Bluetooth,-70
441.798,Bluetooth,-71
441.826,Bluetooth,-68
441.827,Bluetooth,-68
441.894,Bluetooth,-72
441.896,Bluetooth,-74
441.927,Bluetooth,-71
441.929,Bluetooth,-71
441.956,Bluetooth,-67
441.958,Bluetooth,-69
441.995,Bluetooth,-73
442.034,Bluetooth,-72
442.036,Bluetooth,-73
442.064,Bluetooth,-67
442.065,Bluetooth,-69
442.145,Bluetooth,-72
442.146,Bluetooth,-72
442.181,Bluetooth,-69
442.182,Bluetooth,-69
442.212,Bluetooth,-69
442.213,Bluetooth,-69
442.245,Bluetooth,-72
442.353,Bluetooth,-72
442.494,Bluetooth,-73
442.527,Bluetooth,-72
442.528,Bluetooth,-72
442.562,Bluetooth,-70
442.563,Bluetooth,-69
442.602,Bluetooth,-72
442.603,Bluetooth,-74
472.962,Bluetooth,-69
472.963,Bluetooth,-68
472.999,Bluetooth,-63
473.000,Bluetooth,-62
473.070,Bluetooth,-70
473.071,Bluetooth,-69
473.108,Bluetooth,-62
473.109,Bluetooth,-63
473.144,Bluetooth,-63
473.145,Bluetooth,-64
473.178,Bluetooth,-63
473.179,Bluetooth,-62
473.209,Bluetooth,-68
473.210,Bluetooth,-70
473.244,Bluetooth,-62
473.245,Bluetooth,-63
473.277,Bluetooth,-64
473.279,Bluetooth,-64
473.319,Bluetooth,-71
473.320,Bluetooth,-70
473.527,Bluetooth,-63
473.528,Bluetooth,-64
473.567,Bluetooth,-71
473.567,Bluetooth,-71
473.598,Bluetooth,-63
473.599,Bluetooth,-63
473.664,Bluetooth,-71
473.665,Bluetooth,-71
473.733,Bluetooth,-63
473.734,Bluetooth,-63
473.771,Bluetooth,-65
473.772,Bluetooth,-64
473.838,Bluetooth,-63
473.839,Bluetooth,-64
473.947,Bluetooth,-64
473.948,Bluetooth,-63
473.981,Bluetooth,-64
473.982,Bluetooth,-63
474.042,Bluetooth,-72
474.043,Bluetooth,-72
474.072,Bluetooth,-62
474.073,Bluetooth,-63
474.143,Bluetooth,-73
474.144,Bluetooth,-74
474.180,Bluetooth,-63
474.181,Bluetooth,-64
474.222,Bluetooth,-65
474.223,Bluetooth,-64
474.291,Bluetooth,-74
474.325,Bluetooth,-62
474.326,Bluetooth,-63
474.362,Bluetooth,-65
474.401,Bluetooth,-73
474.402,Bluetooth,-73
474.569,Bluetooth,-64
474.570,Bluetooth,-63
474.601,Bluetooth,-63
474.602,Bluetooth,-64
474.631,Bluetooth,-72
474.632,Bluetooth,-73
474.672,Bluetooth,-64
474.704,Bluetooth,-62
474.705,Bluetooth,-61
474.818,Bluetooth,-65
474.819,Bluetooth,-65
474.854,Bluetooth,-61
474.855,Bluetooth,-60
474.882,Bluetooth,-64
474.883,Bluetooth,-64
474.919,Bluetooth,-66
474.920,Bluetooth,-67
474.984,Bluetooth,-63
474.985,Bluetooth,-63
475.020,Bluetooth,-70
475.053,Bluetooth,-68
475.055,Bluetooth,-68
475.116,Bluetooth,-62
475.117,Bluetooth,-62
475.155,Bluetooth,-64
475.156,Bluetooth,-63
475.224,Bluetooth,-61
475.225,Bluetooth,-62
475.257,Bluetooth,-61
475.258,Bluetooth,-61
475.290,Bluetooth,-62
475.292,Bluetooth,-62
475.322,Bluetooth,-65
475.323,Bluetooth,-65
475.358,Bluetooth,-61
475.359,Bluetooth,-61
475.578,Bluetooth,-65
475.579,Bluetooth,-65
475.614,Bluetooth,-62
475.614,Bluetooth,-62
475.646,Bluetooth,-64
475.647,Bluetooth,-63
475.677,Bluetooth,-66
475.818,Bluetooth,-65
475.820,Bluetooth,-65
475.850,Bluetooth,-60
475.852,Bluetooth,-61
475.881,Bluetooth,-65
475.882,Bluetooth,-65
475.916,Bluetooth,-65
475.917,Bluetooth,-64
475.946,Bluetooth,-60
475.948,Bluetooth,-60
475.986,Bluetooth,-65
475.987,Bluetooth,-66
476.021,Bluetooth,-64
476.023,Bluetooth,-65
476.134,Bluetooth,-65
476.135,Bluetooth,-66
476.205,Bluetooth,-60
476.206,Bluetooth,-60
476.278,Bluetooth,-63
476.278,Bluetooth,-65
476.310,Bluetooth,-60
476.311,Bluetooth,-61
476.342,Bluetooth,-67
476.343,Bluetooth,-67
476.377,Bluetooth,-66
476.378,Bluetooth,-67
476.411,Bluetooth,-61
476.473,Bluetooth,-68
476.475,Bluetooth,-69
476.576,Bluetooth,-62
476.577,Bluetooth,-61
476.609,Bluetooth,-66
476.610,Bluetooth,-66
476.649,Bluetooth,-62
476.650,Bluetooth,-62
476.687,Bluetooth,-63
476.688,Bluetooth,-61
476.718,Bluetooth,-65
476.719,Bluetooth,-65
476.757,Bluetooth,-62
476.758,Bluetooth,-62
476.894,Bluetooth,-60
476.895,Bluetooth,-60
476.925,Bluetooth,-60
476.926,Bluetooth,-62