Distance,4.0
TXDevice,iPhoneXR
TXPower,12
RXDevice,iPhone11_Pro
TXCarry,hand
RXCarry,pocket
RXPose,standing
TXPose,standing
0.000,Bluetooth,-60
0.002,Bluetooth,-60
0.032,Bluetooth,-56
0.033,Bluetooth,-55
0.124,Bluetooth,-60
0.125,Bluetooth,-61
0.156,Bluetooth,-56
0.157,Bluetooth,-56
0.191,Bluetooth,-59
0.192,Bluetooth,-59
0.285,Bluetooth,-55
0.286,Bluetooth,-56
0.316,Bluetooth,-57
0.317,Bluetooth,-56
0.346,Bluetooth,-60
0.347,Bluetooth,-61
0.477,Bluetooth,-60
0.478,Bluetooth,-60
0.512,Bluetooth,-56
0.513,Bluetooth,-56
0.543,Bluetooth,-57
0.544,Bluetooth,-58
0.609,Bluetooth,-61
0.610,Bluetooth,-61
0.638,Bluetooth,-57
0.641,Bluetooth,-57
0.669,Bluetooth,-58
0.671,Bluetooth,-56
0.731,Bluetooth,-61
0.732,Bluetooth,-61
0.762,Bluetooth,-56
0.763,Bluetooth,-57
0.795,Bluetooth,-57
0.796,Bluetooth,-57
0.823,Bluetooth,-61
0.825,Bluetooth,-62
0.887,Bluetooth,-57
0.889,Bluetooth,-55
0.923,Bluetooth,-57
0.924,Bluetooth,-57
0.954,Bluetooth,-61
0.955,Bluetooth,-61
0.986,Bluetooth,-56
0.987,Bluetooth,-56
1.107,Bluetooth,-56
1.108,Bluetooth,-57
1.142,Bluetooth,-58
1.143,Bluetooth,-56
1.172,Bluetooth,-57
1.173,Bluetooth,-56
1.203,Bluetooth,-61
1.204,Bluetooth,-62
1.232,Bluetooth,-56
1.233,Bluetooth,-55
1.326,Bluetooth,-61
1.327,Bluetooth,-62
1.358,Bluetooth,-56
1.359,Bluetooth,-56
1.392,Bluetooth,-56
1.393,Bluetooth,-55
1.424,Bluetooth,-61
1.425,Bluetooth,-62
1.528,Bluetooth,-56
1.529,Bluetooth,-57
1.558,Bluetooth,-61
1.559,Bluetooth,-62
1.589,Bluetooth,-57
1.590,Bluetooth,-56
1.621,Bluetooth,-57
1.622,Bluetooth,-56
1.687,Bluetooth,-62
1.689,Bluetooth,-62
1.719,Bluetooth,-56
1.812,Bluetooth,-61
1.813,Bluetooth,-61
1.844,Bluetooth,-56
1.845,Bluetooth,-57
1.875,Bluetooth,-56
1.876,Bluetooth,-56
1.971,Bluetooth,-57
1.972,Bluetooth,-57
2.001,Bluetooth,-55
2.002,Bluetooth,-55
2.061,Bluetooth,-56
2.062,Bluetooth,-56
2.127,Bluetooth,-56
2.128,Bluetooth,-58
2.158,Bluetooth,-62
2.160,Bluetooth,-62
2.193,Bluetooth,-58
2.194,Bluetooth,-57
2.226,Bluetooth,-57
2.227,Bluetooth,-57
2.288,Bluetooth,-60
2.289,Bluetooth,-61
2.321,Bluetooth,-56
2.322,Bluetooth,-57
2.351,Bluetooth,-57
2.352,Bluetooth,-57
2.383,Bluetooth,-60
2.384,Bluetooth,-61
2.477,Bluetooth,-56
2.478,Bluetooth,-57
2.569,Bluetooth,-56
2.570,Bluetooth,-57
2.602,Bluetooth,-57
2.603,Bluetooth,-57
2.662,Bluetooth,-55
2.664,Bluetooth,-56
2.726,Bluetooth,-57
2.727,Bluetooth,-57
2.754,Bluetooth,-60
2.755,Bluetooth,-60
2.787,Bluetooth,-56
2.788,Bluetooth,-56
2.882,Bluetooth,-60
2.883,Bluetooth,-60
2.917,Bluetooth,-56
2.917,Bluetooth,-57
2.947,Bluetooth,-58
2.949,Bluetooth,-58
3.040,Bluetooth,-56
3.041,Bluetooth,-56
3.072,Bluetooth,-58
3.073,Bluetooth,-58
3.105,Bluetooth,-61
3.106,Bluetooth,-62
3.206,Bluetooth,-58
3.207,Bluetooth,-58
3.265,Bluetooth,-57
3.266,Bluetooth,-58
3.330,Bluetooth,-58
3.331,Bluetooth,-58
3.391,Bluetooth,-58
3.392,Bluetooth,-57
3.425,Bluetooth,-58
3.425,Bluetooth,-58
3.489,Bluetooth,-61
3.491,Bluetooth,-62
3.522,Bluetooth,-57
3.523,Bluetooth,-57
3.557,Bluetooth,-58
3.558,Bluetooth,-58
3.588,Bluetooth,-62
3.589,Bluetooth,-62
3.619,Bluetooth,-57
3.622,Bluetooth,-57
3.749,Bluetooth,-57
3.750,Bluetooth,-57
3.780,Bluetooth,-57
3.781,Bluetooth,-58
3.850,Bluetooth,-63
3.851,Bluetooth,-62
3.883,Bluetooth,-56
3.884,Bluetooth,-56
3.914,Bluetooth,-58
3.915,Bluetooth,-57
3.944,Bluetooth,-61
3.944,Bluetooth,-63
27.188,Bluetooth,-53
27.188,Bluetooth,-53
27.249,Bluetooth,-53
27.250,Bluetooth,-54
27.279,Bluetooth,-53
27.280,Bluetooth,-54
27.308,Bluetooth,-52
27.341,Bluetooth,-53
27.342,Bluetooth,-54
27.369,Bluetooth,-53
27.370,Bluetooth,-54
27.401,Bluetooth,-53
27.402,Bluetooth,-54
27.432,Bluetooth,-52
27.432,Bluetooth,-52
27.459,Bluetooth,-53
27.460,Bluetooth,-53
27.490,Bluetooth,-54
27.491,Bluetooth,-53
27.520,Bluetooth,-54
27.521,Bluetooth,-54
27.549,Bluetooth,-51
27.550,Bluetooth,-52
27.580,Bluetooth,-52
27.581,Bluetooth,-52
27.611,Bluetooth,-53
27.612,Bluetooth,-52
27.674,Bluetooth,-52
27.703,Bluetooth,-51
27.706,Bluetooth,-51
27.798,Bluetooth,-51
27.799,Bluetooth,-50
27.834,Bluetooth,-51
27.835,Bluetooth,-51
27.866,Bluetooth,-51
27.867,Bluetooth,-51
27.897,Bluetooth,-55
27.898,Bluetooth,-55
27.958,Bluetooth,-52
27.959,Bluetooth,-51
28.118,Bluetooth,-51
28.119,Bluetooth,-51
28.153,Bluetooth,-54
28.182,Bluetooth,-51
28.183,Bluetooth,-51
28.275,Bluetooth,-55
28.276,Bluetooth,-56
28.305,Bluetooth,-51
28.307,Bluetooth,-52
28.339,Bluetooth,-52
28.339,Bluetooth,-52
28.398,Bluetooth,-55
28.399,Bluetooth,-55
28.428,Bluetooth,-52
28.432,Bluetooth,-52
28.490,Bluetooth,-53
28.491,Bluetooth,-53
28.551,Bluetooth,-52
28.552,Bluetooth,-52
28.583,Bluetooth,-52
28.585,Bluetooth,-52
28.620,Bluetooth,-53
28.621,Bluetooth,-54
28.713,Bluetooth,-52
28.714,Bluetooth,-52
28.746,Bluetooth,-55
28.748,Bluetooth,-54
28.779,Bluetooth,-52
28.780,Bluetooth,-52
28.815,Bluetooth,-52
28.816,Bluetooth,-53
28.848,Bluetooth,-54
28.849,Bluetooth,-53
28.910,Bluetooth,-52
28.910,Bluetooth,-52
28.940,Bluetooth,-52
28.942,Bluetooth,-53
29.008,Bluetooth,-53
29.008,Bluetooth,-53
29.043,Bluetooth,-56
29.044,Bluetooth,-54
29.075,Bluetooth,-52
29.076,Bluetooth,-51
29.107,Bluetooth,-53
29.108,Bluetooth,-53
29.138,Bluetooth,-55
29.138,Bluetooth,-55
29.199,Bluetooth,-52
29.200,Bluetooth,-52
29.261,Bluetooth,-55
29.327,Bluetooth,-52
29.328,Bluetooth,-52
29.357,Bluetooth,-53
29.358,Bluetooth,-53
29.392,Bluetooth,-55
29.393,Bluetooth,-55
29.426,Bluetooth,-52
29.426,Bluetooth,-52
29.459,Bluetooth,-54
29.460,Bluetooth,-53
29.488,Bluetooth,-53
29.489,Bluetooth,-53
29.524,Bluetooth,-55
29.525,Bluetooth,-55
29.555,Bluetooth,-53
29.556,Bluetooth,-53
29.621,Bluetooth,-55
29.622,Bluetooth,-55
29.683,Bluetooth,-52
29.683,Bluetooth,-53
29.715,Bluetooth,-52
29.716,Bluetooth,-53
29.751,Bluetooth,-55
29.752,Bluetooth,-55
29.781,Bluetooth,-51
29.782,Bluetooth,-52
29.847,Bluetooth,-53
29.848,Bluetooth,-53
29.878,Bluetooth,-54
29.880,Bluetooth,-54
29.908,Bluetooth,-53
29.909,Bluetooth,-53
29.940,Bluetooth,-53
29.941,Bluetooth,-53
30.002,Bluetooth,-56
30.003,Bluetooth,-56
30.031,Bluetooth,-52
30.032,Bluetooth,-53
30.066,Bluetooth,-53
30.067,Bluetooth,-52
30.099,Bluetooth,-56
30.100,Bluetooth,-57
30.163,Bluetooth,-53
30.232,Bluetooth,-56
30.233,Bluetooth,-56
30.265,Bluetooth,-56
30.266,Bluetooth,-55
30.326,Bluetooth,-53
30.327,Bluetooth,-53
30.360,Bluetooth,-53
30.361,Bluetooth,-52
30.392,Bluetooth,-56
30.393,Bluetooth,-56
30.424,Bluetooth,-52
30.425,Bluetooth,-53
30.456,Bluetooth,-53
30.457,Bluetooth,-53
30.520,Bluetooth,-56
30.549,Bluetooth,-53
30.550,Bluetooth,-52
30.581,Bluetooth,-54
30.582,Bluetooth,-53
30.642,Bluetooth,-57
30.643,Bluetooth,-56
30.671,Bluetooth,-54
30.672,Bluetooth,-53
30.764,Bluetooth,-56
30.766,Bluetooth,-56
30.823,Bluetooth,-53
30.825,Bluetooth,-52
30.859,Bluetooth,-56
30.860,Bluetooth,-55
30.921,Bluetooth,-53
30.923,Bluetooth,-53
30.955,Bluetooth,-53
30.956,Bluetooth,-54
30.986,Bluetooth,-56
30.988,Bluetooth,-56
31.018,Bluetooth,-54
31.019,Bluetooth,-53
31.089,Bluetooth,-53
31.089,Bluetooth,-52
31.120,Bluetooth,-56
31.120,Bluetooth,-56
31.149,Bluetooth,-53
31.151,Bluetooth,-53
56.767,Bluetooth,-69
56.768,Bluetooth,-70
56.798,Bluetooth,-70
56.800,Bluetooth,-70
56.832,Bluetooth,-77
56.833,Bluetooth,-78
56.864,Bluetooth,-69
56.901,Bluetooth,-70
56.903,Bluetooth,-70
56.958,Bluetooth,-76
56.959,Bluetooth,-76
56.990,Bluetooth,-70
56.991,Bluetooth,-69
57.023,Bluetooth,-69
57.024,Bluetooth,-70
57.083,Bluetooth,-75
57.084,Bluetooth,-74
57.153,Bluetooth,-70
57.155,Bluetooth,-70
57.186,Bluetooth,-71
57.187,Bluetooth,-71
57.249,Bluetooth,-74
57.250,Bluetooth,-74
57.282,Bluetooth,-73
57.284,Bluetooth,-73
57.318,Bluetooth,-65
57.319,Bluetooth,-66
57.350,Bluetooth,-76
57.352,Bluetooth,-75
57.382,Bluetooth,-77
57.382,Bluetooth,-76
57.445,Bluetooth,-65
57.446,Bluetooth,-65
57.477,Bluetooth,-77
57.478,Bluetooth,-77
57.508,Bluetooth,-77
57.509,Bluetooth,-77
57.544,Bluetooth,-64
57.545,Bluetooth,-64
57.671,Bluetooth,-65
57.673,Bluetooth,-65
57.702,Bluetooth,-79
57.702,Bluetooth,-81
57.765,Bluetooth,-72
57.766,Bluetooth,-71
57.794,Bluetooth,-66
57.796,Bluetooth,-66
57.824,Bluetooth,-81
57.826,Bluetooth,-82
57.887,Bluetooth,-69
57.888,Bluetooth,-69
57.981,Bluetooth,-84
57.982,Bluetooth,-84
58.011,Bluetooth,-70
58.013,Bluetooth,-70
58.045,Bluetooth,-66
58.046,Bluetooth,-65
58.105,Bluetooth,-84
58.106,Bluetooth,-84
58.142,Bluetooth,-70
58.143,Bluetooth,-70
58.209,Bluetooth,-94
58.210,Bluetooth,-94
58.241,Bluetooth,-71
58.242,Bluetooth,-72
58.305,Bluetooth,-66
58.305,Bluetooth,-65
58.373,Bluetooth,-69
58.374,Bluetooth,-70
58.437,Bluetooth,-66
58.438,Bluetooth,-66
58.467,Bluetooth,-82
58.469,Bluetooth,-83
58.502,Bluetooth,-70
58.503,Bluetooth,-70
58.566,Bluetooth,-67
58.568,Bluetooth,-66
58.596,Bluetooth,-81
58.597,Bluetooth,-81
58.626,Bluetooth,-70
58.627,Bluetooth,-71
58.658,Bluetooth,-65
58.659,Bluetooth,-66
58.718,Bluetooth,-81
58.719,Bluetooth,-81
58.751,Bluetooth,-70
58.752,Bluetooth,-72
58.784,Bluetooth,-66
58.785,Bluetooth,-66
58.844,Bluetooth,-77
58.845,Bluetooth,-77
58.877,Bluetooth,-70
58.878,Bluetooth,-70
58.998,Bluetooth,-70
58.999,Bluetooth,-71
59.030,Bluetooth,-68
59.030,Bluetooth,-69
59.060,Bluetooth,-76
59.060,Bluetooth,-76
59.124,Bluetooth,-73
59.124,Bluetooth,-73
59.155,Bluetooth,-68
59.156,Bluetooth,-68
59.189,Bluetooth,-74
59.191,Bluetooth,-74
59.222,Bluetooth,-73
59.224,Bluetooth,-72
59.318,Bluetooth,-74
59.319,Bluetooth,-74
59.349,Bluetooth,-72
59.350,Bluetooth,-71
59.385,Bluetooth,-69
59.387,Bluetooth,-70
59.446,Bluetooth,-73
59.447,Bluetooth,-73
59.477,Bluetooth,-71
59.478,Bluetooth,-71
59.513,Bluetooth,-71
59.514,Bluetooth,-71
59.606,Bluetooth,-71
59.607,Bluetooth,-72
59.638,Bluetooth,-70
59.639,Bluetooth,-71
59.668,Bluetooth,-71
59.669,Bluetooth,-72
59.762,Bluetooth,-73
59.763,Bluetooth,-73
59.797,Bluetooth,-71
59.798,Bluetooth,-70
59.826,Bluetooth,-72
59.827,Bluetooth,-73
59.893,Bluetooth,-73
59.894,Bluetooth,-73
59.923,Bluetooth,-70
59.924,Bluetooth,-70
59.956,Bluetooth,-72
59.957,Bluetooth,-72
59.987,Bluetooth,-74
59.989,Bluetooth,-73
60.021,Bluetooth,-69
60.022,Bluetooth,-69
60.081,Bluetooth,-72
60.115,Bluetooth,-73
60.116,Bluetooth,-73
60.146,Bluetooth,-69
60.148,Bluetooth,-68
60.211,Bluetooth,-73
60.212,Bluetooth,-74
60.240,Bluetooth,-72
60.241,Bluetooth,-73
60.276,Bluetooth,-68
60.276,Bluetooth,-69
60.308,Bluetooth,-73
60.309,Bluetooth,-72
60.341,Bluetooth,-73
60.341,Bluetooth,-74
60.402,Bluetooth,-67
60.403,Bluetooth,-66
60.432,Bluetooth,-76
60.433,Bluetooth,-76
60.465,Bluetooth,-74
60.466,Bluetooth,-74
60.528,Bluetooth,-68
60.529,Bluetooth,-67
60.558,Bluetooth,-76
60.559,Bluetooth,-76
60.593,Bluetooth,-77
60.593,Bluetooth,-77
60.623,Bluetooth,-66
60.624,Bluetooth,-66
60.689,Bluetooth,-76
60.722,Bluetooth,-77
60.722,Bluetooth,-77
87.013,Bluetooth,-69
87.014,Bluetooth,-69
87.043,Bluetooth,-65
87.045,Bluetooth,-66
87.076,Bluetooth,-69
87.077,Bluetooth,-69
87.108,Bluetooth,-69
87.109,Bluetooth,-69
87.201,Bluetooth,-69
87.202,Bluetooth,-69
87.233,Bluetooth,-71
87.234,Bluetooth,-70
87.266,Bluetooth,-65
87.267,Bluetooth,-65
87.330,Bluetooth,-69
87.331,Bluetooth,-70
87.363,Bluetooth,-71
87.364,Bluetooth,-70
87.394,Bluetooth,-65
87.395,Bluetooth,-65
87.425,Bluetooth,-70
87.426,Bluetooth,-69
87.490,Bluetooth,-69
87.491,Bluetooth,-69
87.554,Bluetooth,-69
87.555,Bluetooth,-69
87.586,Bluetooth,-70
87.587,Bluetooth,-70
87.648,Bluetooth,-65
87.649,Bluetooth,-64
87.678,Bluetooth,-69
87.678,Bluetooth,-70
87.711,Bluetooth,-71
87.712,Bluetooth,-70
87.800,Bluetooth,-68
87.832,Bluetooth,-71
87.833,Bluetooth,-69
87.863,Bluetooth,-65
87.864,Bluetooth,-65
87.940,Bluetooth,-66
87.961,Bluetooth,-65
87.961,Bluetooth,-65
87.990,Bluetooth,-65
87.991,Bluetooth,-66
88.022,Bluetooth,-69
88.023,Bluetooth,-69
88.053,Bluetooth,-71
88.054,Bluetooth,-71
88.082,Bluetooth,-65
88.083,Bluetooth,-65
88.145,Bluetooth,-69
88.146,Bluetooth,-69
88.177,Bluetooth,-72
88.178,Bluetooth,-72
88.208,Bluetooth,-64
88.209,Bluetooth,-66
88.238,Bluetooth,-68
88.239,Bluetooth,-69
88.305,Bluetooth,-73
88.306,Bluetooth,-71
88.336,Bluetooth,-65
88.337,Bluetooth,-65
88.367,Bluetooth,-69
88.368,Bluetooth,-69
88.458,Bluetooth,-66
88.459,Bluetooth,-66
88.494,Bluetooth,-70
88.495,Bluetooth,-69
88.525,Bluetooth,-71
88.526,Bluetooth,-71
88.586,Bluetooth,-68
88.587,Bluetooth,-67
88.619,Bluetooth,-70
88.620,Bluetooth,-69
88.650,Bluetooth,-71
88.652,Bluetooth,-71
88.682,Bluetooth,-67
88.683,Bluetooth,-66
88.740,Bluetooth,-69
88.741,Bluetooth,-69
88.863,Bluetooth,-68
88.865,Bluetooth,-69
88.897,Bluetooth,-70
88.898,Bluetooth,-70
88.930,Bluetooth,-66
88.932,Bluetooth,-66
88.961,Bluetooth,-68
88.961,Bluetooth,-68
89.022,Bluetooth,-70
89.023,Bluetooth,-70
89.056,Bluetooth,-66
89.057,Bluetooth,-66
89.087,Bluetooth,-68
89.088,Bluetooth,-67
89.154,Bluetooth,-69
89.155,Bluetooth,-71
89.185,Bluetooth,-66
89.186,Bluetooth,-66
89.288,Bluetooth,-70
89.289,Bluetooth,-70
89.319,Bluetooth,-66
89.320,Bluetooth,-65
89.349,Bluetooth,-68
89.350,Bluetooth,-68
89.413,Bluetooth,-70
89.414,Bluetooth,-71
89.444,Bluetooth,-66
89.446,Bluetooth,-67
89.478,Bluetooth,-69
89.479,Bluetooth,-68
89.512,Bluetooth,-70
89.513,Bluetooth,-69
89.543,Bluetooth,-66
89.544,Bluetooth,-67
89.605,Bluetooth,-68
89.606,Bluetooth,-68
89.636,Bluetooth,-69
89.637,Bluetooth,-70
89.666,Bluetooth,-65
89.667,Bluetooth,-65
89.727,Bluetooth,-68
89.729,Bluetooth,-69
89.790,Bluetooth,-66
89.792,Bluetooth,-66
89.823,Bluetooth,-68
89.825,Bluetooth,-67
89.890,Bluetooth,-70
89.891,Bluetooth,-70
89.986,Bluetooth,-70
89.987,Bluetooth,-71
90.046,Bluetooth,-66
90.048,Bluetooth,-67
90.081,Bluetooth,-67
90.082,Bluetooth,-68
90.112,Bluetooth,-70
90.113,Bluetooth,-70
90.142,Bluetooth,-66
90.143,Bluetooth,-67
90.174,Bluetooth,-65
90.175,Bluetooth,-66
90.208,Bluetooth,-70
90.209,Bluetooth,-70
90.241,Bluetooth,-71
90.243,Bluetooth,-70
90.305,Bluetooth,-68
90.306,Bluetooth,-69
90.369,Bluetooth,-70
90.370,Bluetooth,-70
90.430,Bluetooth,-69
90.431,Bluetooth,-68
90.462,Bluetooth,-70
90.463,Bluetooth,-70
90.524,Bluetooth,-67
90.525,Bluetooth,-68
90.592,Bluetooth,-71
90.593,Bluetooth,-71
90.651,Bluetooth,-67
90.652,Bluetooth,-68
90.685,Bluetooth,-68
90.686,Bluetooth,-70
90.716,Bluetooth,-72
90.717,Bluetooth,-72
90.746,Bluetooth,-67
90.747,Bluetooth,-66
90.811,Bluetooth,-70
90.812,Bluetooth,-69
90.842,Bluetooth,-73
90.843,Bluetooth,-72
90.871,Bluetooth,-68
90.873,Bluetooth,-67
90.904,Bluetooth,-71
90.905,Bluetooth,-69
90.968,Bluetooth,-73
90.969,Bluetooth,-72
90.997,Bluetooth,-66
90.998,Bluetooth,-68
168.946,Bluetooth,-67
168.947,Bluetooth,-67
168.979,Bluetooth,-62
168.981,Bluetooth,-60
169.011,Bluetooth,-62
169.012,Bluetooth,-62
169.044,Bluetooth,-61
169.045,Bluetooth,-63
169.078,Bluetooth,-63
169.079,Bluetooth,-63
169.109,Bluetooth,-58
169.110,Bluetooth,-58
169.168,Bluetooth,-59
169.169,Bluetooth,-59
169.200,Bluetooth,-64
169.201,Bluetooth,-64
169.233,Bluetooth,-57
169.234,Bluetooth,-56
169.262,Bluetooth,-61
169.263,Bluetooth,-60
169.292,Bluetooth,-60
169.293,Bluetooth,-59
169.328,Bluetooth,-68
169.329,Bluetooth,-67
169.359,Bluetooth,-59
169.361,Bluetooth,-60
169.387,Bluetooth,-63
169.388,Bluetooth,-62
169.449,Bluetooth,-65
169.450,Bluetooth,-66
169.481,Bluetooth,-62
169.482,Bluetooth,-62
169.508,Bluetooth,-63
169.509,Bluetooth,-65
169.573,Bluetooth,-58
169.574,Bluetooth,-58
169.605,Bluetooth,-59
169.606,Bluetooth,-58
169.636,Bluetooth,-60
169.637,Bluetooth,-62
169.667,Bluetooth,-58
169.668,Bluetooth,-59
169.731,Bluetooth,-59
169.731,Bluetooth,-59
169.789,Bluetooth,-61
169.790,Bluetooth,-61
169.855,Bluetooth,-59
169.856,Bluetooth,-59
169.888,Bluetooth,-60
169.889,Bluetooth,-60
169.922,Bluetooth,-61
169.923,Bluetooth,-62
170.083,Bluetooth,-59
170.115,Bluetooth,-61
170.116,Bluetooth,-60
170.144,Bluetooth,-61
170.146,Bluetooth,-61
170.215,Bluetooth,-57
170.216,Bluetooth,-57
170.251,Bluetooth,-60
170.251,Bluetooth,-60
170.278,Bluetooth,-59
170.279,Bluetooth,-60
170.310,Bluetooth,-57
170.311,Bluetooth,-57
170.342,Bluetooth,-60
170.343,Bluetooth,-61
170.406,Bluetooth,-60
170.407,Bluetooth,-60
170.438,Bluetooth,-56
170.440,Bluetooth,-57
170.505,Bluetooth,-61
170.507,Bluetooth,-59
170.573,Bluetooth,-58
170.574,Bluetooth,-58
170.632,Bluetooth,-60
170.634,Bluetooth,-62
170.667,Bluetooth,-59
170.668,Bluetooth,-60
170.801,Bluetooth,-60
170.802,Bluetooth,-58
170.831,Bluetooth,-59
170.832,Bluetooth,-60
170.861,Bluetooth,-61
170.863,Bluetooth,-62
170.956,Bluetooth,-59
170.958,Bluetooth,-60
171.021,Bluetooth,-57
171.022,Bluetooth,-58
171.085,Bluetooth,-58
171.086,Bluetooth,-58
171.120,Bluetooth,-59
171.121,Bluetooth,-58
171.185,Bluetooth,-57
171.186,Bluetooth,-57
171.221,Bluetooth,-59
171.222,Bluetooth,-60
171.249,Bluetooth,-59
171.250,Bluetooth,-58
171.278,Bluetooth,-60
171.279,Bluetooth,-60
171.344,Bluetooth,-59
171.345,Bluetooth,-59
171.441,Bluetooth,-58
171.472,Bluetooth,-60
171.473,Bluetooth,-61
171.503,Bluetooth,-61
171.504,Bluetooth,-59
171.537,Bluetooth,-58
171.539,Bluetooth,-58
171.606,Bluetooth,-60
171.607,Bluetooth,-60
171.636,Bluetooth,-61
171.638,Bluetooth,-61
171.669,Bluetooth,-59
171.670,Bluetooth,-57
171.736,Bluetooth,-60
171.737,Bluetooth,-61
171.765,Bluetooth,-60
171.767,Bluetooth,-60
171.796,Bluetooth,-57
171.797,Bluetooth,-58
171.829,Bluetooth,-60
171.830,Bluetooth,-60
171.858,Bluetooth,-59
171.859,Bluetooth,-61
171.889,Bluetooth,-60
171.890,Bluetooth,-61
171.925,Bluetooth,-57
171.926,Bluetooth,-57
171.956,Bluetooth,-60
171.957,Bluetooth,-60
171.985,Bluetooth,-60
171.986,Bluetooth,-60
172.082,Bluetooth,-59
172.083,Bluetooth,-60
172.149,Bluetooth,-57
172.150,Bluetooth,-58
172.180,Bluetooth,-59
172.181,Bluetooth,-59
172.210,Bluetooth,-58
172.211,Bluetooth,-59
172.238,Bluetooth,-60
172.239,Bluetooth,-60
172.271,Bluetooth,-57
172.272,Bluetooth,-57
172.300,Bluetooth,-58
172.301,Bluetooth,-58
172.364,Bluetooth,-58
172.365,Bluetooth,-59
172.397,Bluetooth,-61
172.398,Bluetooth,-60
172.433,Bluetooth,-56
172.434,Bluetooth,-57
172.468,Bluetooth,-57
172.469,Bluetooth,-58
172.568,Bluetooth,-57
172.569,Bluetooth,-57
172.599,Bluetooth,-57
172.600,Bluetooth,-57
172.729,Bluetooth,-58
172.730,Bluetooth,-58
172.761,Bluetooth,-60
172.762,Bluetooth,-62
172.790,Bluetooth,-59
172.790,Bluetooth,-58
172.820,Bluetooth,-58
172.822,Bluetooth,-58
172.884,Bluetooth,-63
172.885,Bluetooth,-62
172.914,Bluetooth,-59
172.916,Bluetooth,-59
200.553,Bluetooth,-55
200.554,Bluetooth,-56
200.583,Bluetooth,-55
200.584,Bluetooth,-54
200.644,Bluetooth,-57
200.646,Bluetooth,-55
200.676,Bluetooth,-58
200.677,Bluetooth,-57
200.706,Bluetooth,-55
200.709,Bluetooth,-54
200.746,Bluetooth,-56
200.748,Bluetooth,-56
200.803,Bluetooth,-58
200.804,Bluetooth,-57
200.838,Bluetooth,-54
200.839,Bluetooth,-55
200.869,Bluetooth,-57
200.870,Bluetooth,-56
200.962,Bluetooth,-55
200.963,Bluetooth,-56
200.997,Bluetooth,-56
201.062,Bluetooth,-56
201.064,Bluetooth,-56
201.124,Bluetooth,-57
201.125,Bluetooth,-57
201.224,Bluetooth,-57
201.225,Bluetooth,-58
201.284,Bluetooth,-59
201.285,Bluetooth,-59
201.316,Bluetooth,-58
201.317,Bluetooth,-57
201.349,Bluetooth,-59
201.350,Bluetooth,-57
201.381,Bluetooth,-58
201.383,Bluetooth,-58
201.474,Bluetooth,-59
201.475,Bluetooth,-58
201.503,Bluetooth,-57
201.504,Bluetooth,-57
201.564,Bluetooth,-56
201.565,Bluetooth,-57
201.596,Bluetooth,-57
201.598,Bluetooth,-58
201.626,Bluetooth,-58
201.627,Bluetooth,-58
201.722,Bluetooth,-58
201.723,Bluetooth,-58
201.753,Bluetooth,-58
201.754,Bluetooth,-58
201.784,Bluetooth,-59
201.786,Bluetooth,-59
201.886,Bluetooth,-58
201.887,Bluetooth,-58
201.922,Bluetooth,-59
201.923,Bluetooth,-59
201.952,Bluetooth,-57
201.952,Bluetooth,-57
201.983,Bluetooth,-58
201.984,Bluetooth,-58
202.012,Bluetooth,-58
202.013,Bluetooth,-58
202.047,Bluetooth,-59
202.048,Bluetooth,-59
202.080,Bluetooth,-57
202.081,Bluetooth,-57
202.114,Bluetooth,-57
202.115,Bluetooth,-59
202.146,Bluetooth,-59
202.147,Bluetooth,-59
202.238,Bluetooth,-58
202.239,Bluetooth,-58
202.269,Bluetooth,-59
202.270,Bluetooth,-60
202.299,Bluetooth,-56
202.301,Bluetooth,-58
202.331,Bluetooth,-57
202.332,Bluetooth,-57
202.361,Bluetooth,-60
202.362,Bluetooth,-60
202.391,Bluetooth,-58
202.392,Bluetooth,-58
202.425,Bluetooth,-57
202.426,Bluetooth,-56
202.490,Bluetooth,-58
202.492,Bluetooth,-58
202.524,Bluetooth,-59
202.525,Bluetooth,-59
202.588,Bluetooth,-58
202.589,Bluetooth,-58
202.646,Bluetooth,-59
202.647,Bluetooth,-59
202.681,Bluetooth,-57
202.682,Bluetooth,-57
202.712,Bluetooth,-58
202.713,Bluetooth,-58
202.743,Bluetooth,-59
202.744,Bluetooth,-59
202.805,Bluetooth,-58
202.806,Bluetooth,-57
202.907,Bluetooth,-57
202.907,Bluetooth,-56
202.970,Bluetooth,-58
202.971,Bluetooth,-58
202.999,Bluetooth,-59
203.000,Bluetooth,-59
203.030,Bluetooth,-57
203.031,Bluetooth,-57
203.061,Bluetooth,-56
203.062,Bluetooth,-57
203.128,Bluetooth,-57
203.129,Bluetooth,-59
203.157,Bluetooth,-59
203.158,Bluetooth,-59
203.222,Bluetooth,-58
203.223,Bluetooth,-59
203.252,Bluetooth,-58
203.253,Bluetooth,-57
203.282,Bluetooth,-59
203.283,Bluetooth,-59
203.312,Bluetooth,-57
203.313,Bluetooth,-56
203.343,Bluetooth,-57
203.344,Bluetooth,-58
203.406,Bluetooth,-59
203.407,Bluetooth,-59
203.469,Bluetooth,-59
203.471,Bluetooth,-58
203.628,Bluetooth,-59
203.629,Bluetooth,-60
203.724,Bluetooth,-59
203.726,Bluetooth,-59
203.754,Bluetooth,-59
203.755,Bluetooth,-59
203.787,Bluetooth,-58
203.788,Bluetooth,-58
203.876,Bluetooth,-58
203.878,Bluetooth,-59
203.907,Bluetooth,-57
203.908,Bluetooth,-57
203.970,Bluetooth,-59
203.971,Bluetooth,-58
203.998,Bluetooth,-59
203.999,Bluetooth,-59
204.030,Bluetooth,-57
204.031,Bluetooth,-59
204.062,Bluetooth,-58
204.063,Bluetooth,-58
204.092,Bluetooth,-58
204.094,Bluetooth,-58
204.121,Bluetooth,-59
204.122,Bluetooth,-59
204.151,Bluetooth,-59
204.153,Bluetooth,-58
204.184,Bluetooth,-58
204.185,Bluetooth,-58
204.241,Bluetooth,-59
204.243,Bluetooth,-60
204.273,Bluetooth,-58
204.274,Bluetooth,-58
204.305,Bluetooth,-58
204.307,Bluetooth,-58
204.400,Bluetooth,-59
204.402,Bluetooth,-59
204.436,Bluetooth,-59
204.437,Bluetooth,-58
204.467,Bluetooth,-57
204.468,Bluetooth,-57
204.524,Bluetooth,-60
204.525,Bluetooth,-59
228.449,Bluetooth,-64
228.450,Bluetooth,-64
228.479,Bluetooth,-66
228.514,Bluetooth,-72
228.519,Bluetooth,-73
228.573,Bluetooth,-63
228.574,Bluetooth,-64
228.608,Bluetooth,-66
228.609,Bluetooth,-65
228.673,Bluetooth,-73
228.675,Bluetooth,-72
228.704,Bluetooth,-64
228.706,Bluetooth,-64
228.769,Bluetooth,-65
228.770,Bluetooth,-65
228.796,Bluetooth,-72
228.797,Bluetooth,-73
228.826,Bluetooth,-63
228.828,Bluetooth,-64
228.893,Bluetooth,-65
228.894,Bluetooth,-65
228.923,Bluetooth,-72
228.924,Bluetooth,-72
228.952,Bluetooth,-63
228.952,Bluetooth,-65
228.982,Bluetooth,-65
228.984,Bluetooth,-64
229.047,Bluetooth,-70
229.048,Bluetooth,-72
229.077,Bluetooth,-64
229.078,Bluetooth,-64
229.111,Bluetooth,-65
229.112,Bluetooth,-66
229.210,Bluetooth,-65
229.211,Bluetooth,-66
229.278,Bluetooth,-71
229.279,Bluetooth,-72
229.344,Bluetooth,-65
229.345,Bluetooth,-66
229.407,Bluetooth,-71
229.408,Bluetooth,-70
229.435,Bluetooth,-67
229.437,Bluetooth,-66
229.468,Bluetooth,-65
229.469,Bluetooth,-65
229.530,Bluetooth,-70
229.532,Bluetooth,-69
229.563,Bluetooth,-65
229.564,Bluetooth,-65
229.595,Bluetooth,-64
229.596,Bluetooth,-65
229.629,Bluetooth,-70
229.631,Bluetooth,-71
229.690,Bluetooth,-65
229.691,Bluetooth,-65
229.723,Bluetooth,-66
229.757,Bluetooth,-70
229.758,Bluetooth,-71
229.787,Bluetooth,-65
229.788,Bluetooth,-65
229.847,Bluetooth,-64
229.849,Bluetooth,-65
229.879,Bluetooth,-73
229.881,Bluetooth,-72
229.911,Bluetooth,-64
229.912,Bluetooth,-64
229.942,Bluetooth,-65
229.944,Bluetooth,-65
230.073,Bluetooth,-65
230.075,Bluetooth,-65
230.106,Bluetooth,-74
230.107,Bluetooth,-72
230.171,Bluetooth,-64
230.172,Bluetooth,-64
230.200,Bluetooth,-65
230.201,Bluetooth,-64
230.232,Bluetooth,-73
230.233,Bluetooth,-72
230.326,Bluetooth,-65
230.327,Bluetooth,-65
230.357,Bluetooth,-73
230.358,Bluetooth,-73
230.387,Bluetooth,-64
230.388,Bluetooth,-64
230.448,Bluetooth,-64
230.450,Bluetooth,-65
230.479,Bluetooth,-73
230.481,Bluetooth,-74
230.509,Bluetooth,-64
230.510,Bluetooth,-64
230.570,Bluetooth,-65
230.572,Bluetooth,-65
230.603,Bluetooth,-73
230.604,Bluetooth,-73
230.631,Bluetooth,-65
230.632,Bluetooth,-64
230.662,Bluetooth,-65
230.663,Bluetooth,-65
230.693,Bluetooth,-65
230.694,Bluetooth,-65
230.728,Bluetooth,-76
230.729,Bluetooth,-75
230.758,Bluetooth,-64
230.759,Bluetooth,-64
230.791,Bluetooth,-64
230.792,Bluetooth,-65
230.823,Bluetooth,-73
230.824,Bluetooth,-73
230.854,Bluetooth,-74
230.855,Bluetooth,-72
230.885,Bluetooth,-65
230.885,Bluetooth,-64
230.917,Bluetooth,-66
230.919,Bluetooth,-66
230.949,Bluetooth,-73
230.951,Bluetooth,-74
231.010,Bluetooth,-65
231.011,Bluetooth,-64
231.045,Bluetooth,-65
231.046,Bluetooth,-65
231.077,Bluetooth,-73
231.078,Bluetooth,-73
231.108,Bluetooth,-64
231.109,Bluetooth,-64
231.141,Bluetooth,-64
231.143,Bluetooth,-65
231.240,Bluetooth,-63
231.242,Bluetooth,-64
231.273,Bluetooth,-65
231.274,Bluetooth,-65
231.305,Bluetooth,-73
231.307,Bluetooth,-73
231.370,Bluetooth,-63
231.370,Bluetooth,-64
231.399,Bluetooth,-65
231.401,Bluetooth,-65
231.431,Bluetooth,-73
231.432,Bluetooth,-73
231.491,Bluetooth,-64
231.492,Bluetooth,-64
231.526,Bluetooth,-65
231.527,Bluetooth,-65
231.555,Bluetooth,-72
231.556,Bluetooth,-72
231.586,Bluetooth,-64
231.587,Bluetooth,-65
231.689,Bluetooth,-72
231.689,Bluetooth,-71
231.718,Bluetooth,-65
231.719,Bluetooth,-66
231.749,Bluetooth,-64
231.750,Bluetooth,-66
231.843,Bluetooth,-65
231.844,Bluetooth,-65
231.875,Bluetooth,-65
231.877,Bluetooth,-66
231.910,Bluetooth,-71
231.911,Bluetooth,-71
231.941,Bluetooth,-66
231.943,Bluetooth,-65
232.007,Bluetooth,-66
232.008,Bluetooth,-66
232.037,Bluetooth,-71
232.038,Bluetooth,-72
232.166,Bluetooth,-70
232.195,Bluetooth,-65
232.195,Bluetooth,-65
232.229,Bluetooth,-64
232.230,Bluetooth,-63
232.261,Bluetooth,-70
232.263,Bluetooth,-70
232.293,Bluetooth,-70
232.294,Bluetooth,-70
232.325,Bluetooth,-66
232.327,Bluetooth,-65
232.358,Bluetooth,-65
232.359,Bluetooth,-65
232.389,Bluetooth,-70
232.389,Bluetooth,-72
261.590,Bluetooth,-76
261.591,Bluetooth,-77
261.723,Bluetooth,-76
261.753,Bluetooth,-71
261.755,Bluetooth,-71
261.785,Bluetooth,-72
261.786,Bluetooth,-73
261.847,Bluetooth,-76
261.849,Bluetooth,-77
261.879,Bluetooth,-70
261.880,Bluetooth,-70
261.968,Bluetooth,-75
261.969,Bluetooth,-75
262.005,Bluetooth,-71
262.006,Bluetooth,-70
262.034,Bluetooth,-74
262.036,Bluetooth,-73
262.066,Bluetooth,-74
262.067,Bluetooth,-76
262.132,Bluetooth,-70
262.133,Bluetooth,-70
262.167,Bluetooth,-73
262.168,Bluetooth,-73
262.198,Bluetooth,-76
262.199,Bluetooth,-75
262.227,Bluetooth,-70
262.228,Bluetooth,-70
262.288,Bluetooth,-74
262.290,Bluetooth,-73
262.326,Bluetooth,-74
262.356,Bluetooth,-70
262.357,Bluetooth,-71
262.383,Bluetooth,-74
262.384,Bluetooth,-73
262.414,Bluetooth,-72
262.415,Bluetooth,-73
262.449,Bluetooth,-74
262.450,Bluetooth,-75
262.480,Bluetooth,-71
262.481,Bluetooth,-70
262.510,Bluetooth,-73
262.512,Bluetooth,-73
262.543,Bluetooth,-74
262.544,Bluetooth,-75
262.573,Bluetooth,-75
262.575,Bluetooth,-76
262.605,Bluetooth,-71
262.607,Bluetooth,-70
262.641,Bluetooth,-73
262.642,Bluetooth,-73
262.675,Bluetooth,-74
262.676,Bluetooth,-74
262.767,Bluetooth,-73
262.768,Bluetooth,-74
262.795,Bluetooth,-75
262.796,Bluetooth,-75
262.825,Bluetooth,-71
262.827,Bluetooth,-71
262.886,Bluetooth,-73
262.887,Bluetooth,-73
262.920,Bluetooth,-74
262.921,Bluetooth,-75
262.956,Bluetooth,-71
262.957,Bluetooth,-72
262.989,Bluetooth,-73
262.990,Bluetooth,-73
263.022,Bluetooth,-76
263.024,Bluetooth,-77
263.089,Bluetooth,-71
263.090,Bluetooth,-72
263.154,Bluetooth,-78
263.185,Bluetooth,-72
263.248,Bluetooth,-70
263.277,Bluetooth,-73
263.278,Bluetooth,-74
263.306,Bluetooth,-77
263.307,Bluetooth,-77
263.337,Bluetooth,-70
263.403,Bluetooth,-74
263.404,Bluetooth,-74
263.437,Bluetooth,-76
263.438,Bluetooth,-77
263.473,Bluetooth,-71
263.473,Bluetooth,-72
263.503,Bluetooth,-73
263.504,Bluetooth,-74
263.568,Bluetooth,-76
263.569,Bluetooth,-77
263.598,Bluetooth,-70
263.599,Bluetooth,-71
263.629,Bluetooth,-73
263.630,Bluetooth,-74
263.661,Bluetooth,-76
263.663,Bluetooth,-76
263.754,Bluetooth,-72
263.755,Bluetooth,-74
263.785,Bluetooth,-76
263.786,Bluetooth,-77
263.844,Bluetooth,-71
263.846,Bluetooth,-71
263.909,Bluetooth,-76
263.910,Bluetooth,-76
263.941,Bluetooth,-71
263.942,Bluetooth,-71
264.003,Bluetooth,-73
264.004,Bluetooth,-73
264.034,Bluetooth,-76
264.035,Bluetooth,-76
264.070,Bluetooth,-71
264.127,Bluetooth,-73
264.129,Bluetooth,-73
264.163,Bluetooth,-76
264.164,Bluetooth,-76
264.196,Bluetooth,-70
264.197,Bluetooth,-71
264.228,Bluetooth,-73
264.229,Bluetooth,-75
264.258,Bluetooth,-75
264.260,Bluetooth,-76
264.323,Bluetooth,-71
264.324,Bluetooth,-71
264.355,Bluetooth,-73
264.357,Bluetooth,-73
264.390,Bluetooth,-76
264.391,Bluetooth,-75
264.424,Bluetooth,-70
264.425,Bluetooth,-70
264.521,Bluetooth,-73
264.522,Bluetooth,-72
264.554,Bluetooth,-77
264.555,Bluetooth,-75
264.590,Bluetooth,-71
264.591,Bluetooth,-71
264.685,Bluetooth,-76
264.686,Bluetooth,-77
264.720,Bluetooth,-71
264.721,Bluetooth,-71
264.750,Bluetooth,-73
264.751,Bluetooth,-73
264.780,Bluetooth,-77
264.781,Bluetooth,-75
264.811,Bluetooth,-78
264.812,Bluetooth,-77
264.842,Bluetooth,-71
264.844,Bluetooth,-71
264.873,Bluetooth,-73
264.874,Bluetooth,-73
264.907,Bluetooth,-77
264.909,Bluetooth,-77
264.940,Bluetooth,-72
264.941,Bluetooth,-71
264.996,Bluetooth,-73
264.998,Bluetooth,-73
265.028,Bluetooth,-78
265.029,Bluetooth,-78
265.058,Bluetooth,-71
265.060,Bluetooth,-71
265.125,Bluetooth,-72
265.125,Bluetooth,-73
265.159,Bluetooth,-77
265.160,Bluetooth,-77
265.189,Bluetooth,-70
265.191,Bluetooth,-71
265.222,Bluetooth,-73
265.223,Bluetooth,-74
265.380,Bluetooth,-77
265.381,Bluetooth,-77
265.412,Bluetooth,-76
265.413,Bluetooth,-78
265.444,Bluetooth,-69
265.444,Bluetooth,-69
265.472,Bluetooth,-73
265.473,Bluetooth,-72
265.503,Bluetooth,-76
265.504,Bluetooth,-76